Name,UTM Easting,UTM Northing,Year
Untitled Placemark,572149.2053304325,4924781.930550895,1978
Untitled Placemark,572247.0922363288,4924821.243736504,1978
Untitled Placemark,572200.5620345173,4924800.475808564,1978
Untitled Placemark,572164.9304188166,4924788.286626361,1978
Untitled Placemark,572131.0843047297,4924773.860013462,1978
Untitled Placemark,572103.0252822072,4924758.047212034,1978
Untitled Placemark,572364.9671080142,4924878.2965777805,1978
Untitled Placemark,572425.4493924681,4924910.256453841,1978
Untitled Placemark,572465.1893065877,4924925.843788822,1978
Untitled Placemark,572333.4579670522,4924857.938258759,1978
Untitled Placemark,572388.2480562401,4924888.517616784,1978
Untitled Placemark,572310.3010637757,4924845.165344133,1978
Untitled Placemark,572433.9552903982,4924861.540651647,1978
Untitled Placemark,572748.2903917198,4925038.095471382,1978
Untitled Placemark,572663.9918363214,4924989.074371799,1978
Untitled Placemark,572706.7245102791,4925005.929285652,1978
Untitled Placemark,572672.4997592224,4925037.291702105,1978
Untitled Placemark,572704.9576933379,4925049.66366918,1978
Untitled Placemark,573478.5855255254,4925276.5178507455,1978
Untitled Placemark,573477.0433410034,4925243.835836238,1978
Untitled Placemark,573489.4219552722,4925203.458845226,1978
Untitled Placemark,573601.5363314396,4925200.339158627,1978
Untitled Placemark,573554.1128252759,4925408.359762211,1978
Untitled Placemark,573618.3879833885,4925359.00940064,1978
Untitled Placemark,573586.1225858466,4925255.155174411,1978
Untitled Placemark,573543.3282791054,4925140.389061068,1978
Untitled Placemark,573484.3697387122,4925261.559154719,1978
Untitled Placemark,573619.0496819288,4925343.474772248,1978
Untitled Placemark,573638.2397328382,4925223.542002959,1978
Untitled Placemark,573593.3964185264,4925228.409893369,1978
Untitled Placemark,573615.9347006495,4925380.662615666,1978
Untitled Placemark,573384.8215093421,4925178.479482958,1978
Untitled Placemark,573381.0273400639,4925155.87768554,1978
Untitled Placemark,573328.1267163615,4925144.778803622,1978
Untitled Placemark,573334.4862584133,4925116.014369429,1978
Untitled Placemark,573317.7035093758,4925157.13639549,1978
Untitled Placemark,573296.6028279758,4925066.004414869,1978
Untitled Placemark,573307.4502553545,4924949.625133886,1978
Untitled Placemark,573233.5237023012,4925109.892692364,1978
Untitled Placemark,573232.5401989765,4925129.644098112,1978
Untitled Placemark,573223.9829071722,4925161.874298023,1978
Untitled Placemark,573217.6465293972,4925194.968564215,1978
Untitled Placemark,573299.1692362638,4925257.0674841525,1978
Untitled Placemark,573140.5080234911,4925222.388593127,1978
Untitled Placemark,573347.4274353406,4925353.008693567,1978
Untitled Placemark,573122.320608899,4924980.774954725,1978
Untitled Placemark,573500.739369568,4925608.544168888,1978
Untitled Placemark,573473.5940660881,4925599.996013217,1978
Untitled Placemark,573422.8635840411,4925553.220886591,1978
Untitled Placemark,572262.9213322897,4924614.76808797,1978
Untitled Placemark,572191.9550843921,4924550.092032281,1978
Untitled Placemark,572202.2164790672,4924654.5544122085,1978
Untitled Placemark,573450.2631831493,4924083.578851145,1978
Untitled Placemark,573459.1037585316,4924036.397173239,1978
Untitled Placemark,573468.8259938498,4924005.141639562,1978
Untitled Placemark,573485.5556041923,4923943.118267937,1978
Untitled Placemark,573495.7657526954,4923909.7228673315,1978
Untitled Placemark,573445.8311330439,4923907.033122514,1978
Untitled Placemark,573618.5913771539,4923957.649029305,1978
Untitled Placemark,573299.4472970769,4923893.240358802,1978
Untitled Placemark,573317.9788043157,4923840.828163196,1978
Untitled Placemark,573369.3777403046,4923877.497940123,1978
Untitled Placemark,573448.326472012,4923843.884072034,1978
Untitled Placemark,573428.3211157352,4923817.318341382,1978
Untitled Placemark,573373.9853798274,4923797.942016826,1978
Untitled Placemark,573278.2101664371,4923771.511179836,1978
Untitled Placemark,573311.3940531474,4923781.387314606,1978
Untitled Placemark,573260.1845433168,4923757.579155023,1978
Untitled Placemark,573190.9152157851,4923794.6049922425,1978
Untitled Placemark,573195.2861388539,4923754.12182467,1978
Untitled Placemark,573225.1530878589,4923736.754017831,1978
Untitled Placemark,573082.769657889,4923698.186268836,1978
Untitled Placemark,573145.2538995545,4923770.107016704,1978
Untitled Placemark,573152.4023628193,4923731.95668584,1978
Untitled Placemark,573048.7131842994,4923684.9626652775,1978
Untitled Placemark,573063.9749920595,4923646.875388906,1978
Untitled Placemark,573092.6561240449,4923768.888365456,1978
Untitled Placemark,572909.9014751517,4923917.563952624,1978
Untitled Placemark,572909.995525162,4923881.4414562555,1978
Untitled Placemark,572812.5089443871,4923625.275637551,1978
Untitled Placemark,572827.4950079131,4923565.2721338235,1978
Untitled Placemark,572892.6702291673,4923581.072813278,1978
Untitled Placemark,572897.4069993846,4923529.484655814,1978
Untitled Placemark,572952.671235003,4923544.102865073,1978
Untitled Placemark,573004.4551053478,4923562.726560433,1978
Untitled Placemark,573041.8608667748,4923576.016288483,1978
Untitled Placemark,572845.6246568166,4923650.462493595,1978
Untitled Placemark,574218.8920063637,4924496.329915737,1978
Untitled Placemark,574532.8486054831,4924587.069309728,1978
Untitled Placemark,574550.015942528,4924658.531734574,1978
Untitled Placemark,574404.6895094925,4924543.157819633,1978
Untitled Placemark,574327.5228413658,4924520.088555013,1978
Untitled Placemark,574254.5190894015,4924434.861392765,1978
Untitled Placemark,574553.7471871423,4924705.779263441,1978
Untitled Placemark,574541.9391244198,4924760.667299479,1978
Untitled Placemark,574530.5702800049,4924818.070431232,1978
Untitled Placemark,574025.65918791,4924419.218864277,1978
Untitled Placemark,573521.1826872805,4924107.01917314,1978
Untitled Placemark,573521.4207749565,4924150.340552853,1978
Untitled Placemark,573503.8513999397,4923884.944005323,1978
Untitled Placemark,572985.1276137673,4923665.988130389,1978
Untitled Placemark,572979.476876778,4923617.126047166,1978
Untitled Placemark,573516.329010261,4924444.2265316965,1978
Untitled Placemark,573346.301057837,4924518.4956834605,1978
Untitled Placemark,573417.1097548576,4924691.733735024,1978
Untitled Placemark,573226.5681675487,4924613.954493118,1978
Untitled Placemark,573091.0073888235,4924419.254634712,1978
Untitled Placemark,573361.3244729262,4924970.942683717,1978
Untitled Placemark,573385.0080803607,4925069.059967925,1978
Untitled Placemark,573535.21987927,4925229.251775732,1978
Untitled Placemark,573461.2079276085,4925399.890397855,1978
Untitled Placemark,573169.3696731061,4925187.475497227,1978
Untitled Placemark,573178.129496309,4925148.00465685,1978
Untitled Placemark,573565.8817273041,4925363.010082839,1978
Untitled Placemark,573421.289878875,4925269.258618764,1978
Untitled Placemark,573346.8936914753,4925301.091202033,1978
Untitled Placemark,573300.0406358138,4925453.0033867555,1978
Untitled Placemark,573279.4891278738,4925311.626508767,1978
Untitled Placemark,573521.2005384393,4925631.661352186,1978
Untitled Placemark,573540.8013178314,4925641.217639218,1978
Untitled Placemark,573596.9843029513,4925683.2542806,1978
Untitled Placemark,573288.3923937038,4924847.820300045,1978
Untitled Placemark,573292.3752731602,4924831.350344655,1978
Untitled Placemark,573297.5787317225,4924771.265315138,1978
Untitled Placemark,573306.2583355219,4924734.271843157,1978
Untitled Placemark,572965.5658595538,4924815.462093585,1978
Untitled Placemark,573316.0930292457,4924710.399623618,1978
1,572977.3485975593,4924503.651451226,1978
2,572972.0097123447,4924539.441565562,1978
Untitled Placemark,572964.0115300658,4924594.87484809,1978
Untitled Placemark,572947.8228366674,4924666.53142477,1978
Untitled Placemark,572940.9123472561,4924702.638798116,1978
Untitled Placemark,572931.9818791334,4924745.270018654,1978
Untitled Placemark,573020.6250000764,4924761.496661462,1978
Untitled Placemark,573003.1210768878,4924684.166108116,1978
Untitled Placemark,573030.528288836,4924735.756989399,1978
Untitled Placemark,573149.4499757378,4924730.944468849,1978
Untitled Placemark,573199.1224002825,4924787.631253139,1978
Untitled Placemark,573163.5355903364,4924637.302366911,1978
Untitled Placemark,573097.982923812,4924694.202548585,1978
Untitled Placemark,573109.2540486124,4924618.902184631,1978
Untitled Placemark,573057.1024297838,4925026.606261652,1978
Untitled Placemark,572763.505066452,4924482.232511219,1978
Untitled Placemark,572707.7996788048,4924565.449451821,1978
Untitled Placemark,572490.6622567751,4924531.238644771,1978
Untitled Placemark,572830.1577540047,4924670.778070494,1978
Untitled Placemark,572611.6310913989,4924469.060889714,1978
Untitled Placemark,572674.8582804562,4924422.674794779,1978
Untitled Placemark,572620.41883198,4924650.764150664,1978
Untitled Placemark,572800.7972763279,4924621.881998817,1978
Untitled Placemark,572791.2320477957,4924707.52257471,1978
Untitled Placemark,572816.337221193,4924713.9842940755,1978
Untitled Placemark,572767.868393542,4924703.025233305,1978
Untitled Placemark,572624.7657856883,4924407.220492472,1978
Untitled Placemark,572759.2848209947,4924374.533708569,1978
Untitled Placemark,572727.8759398166,4924298.267875703,1978
Untitled Placemark,572831.7843816796,4924326.491999241,1978
Untitled Placemark,572704.3189317485,4924531.1088026175,1978
Untitled Placemark,572922.996209992,4924471.860285579,1978
Untitled Placemark,573076.2395823876,4924553.62872731,1978
Untitled Placemark,573083.914064909,4924524.318518773,1978
Untitled Placemark,573014.5512033298,4924566.332835428,1978
Untitled Placemark,573007.6098400678,4924616.5217069015,1978
Untitled Placemark,573003.7430612184,4924643.726652039,1978
Untitled Placemark,573089.8705649364,4924483.7276986735,1978
Untitled Placemark,573283.959783034,4924862.529151135,1978
Untitled Placemark,573231.774530172,4924905.606639028,1978
Untitled Placemark,573039.8697805565,4924709.706387865,1978
Untitled Placemark,573203.5672194249,4924700.289367322,1978
Untitled Placemark,573323.0056342541,4924654.4250655,1978
Untitled Placemark,573075.8652027093,4924916.836394001,1978
Untitled Placemark,573034.6055154975,4924904.768421673,1978
Untitled Placemark,573041.2848749548,4924881.770407282,1978
Untitled Placemark,573046.7632986393,4924852.912297582,1978
Untitled Placemark,572933.5571947822,4924912.825708829,1978
Untitled Placemark,572905.6489013861,4924828.932329103,1978
Untitled Placemark,572901.2290470449,4924843.915257226,1978
Untitled Placemark,573062.8913312152,4924970.802683114,1978
Untitled Placemark,573069.3588720531,4924942.785157734,1978
Untitled Placemark,573217.3989638541,4924961.254482066,1978
Untitled Placemark,573211.0088122365,4924991.0755442735,1978
Untitled Placemark,573191.5333953324,4925068.187261919,1978
Untitled Placemark,573190.1456468909,4925096.128925919,1978
Untitled Placemark,573181.8697208352,4925047.372061415,1978
Untitled Placemark,573172.2772148107,4924964.620552736,1978
Untitled Placemark,573000.6360313093,4925050.0812181905,1978
Untitled Placemark,573010.1109857195,4924996.268656299,1978
Untitled Placemark,572974.3889306512,4924946.592105394,1978
Untitled Placemark,572964.2913350277,4924989.370383942,1978
Untitled Placemark,572984.367540566,4924894.518028893,1978
Untitled Placemark,572995.3019380419,4924849.164405807,1978
Untitled Placemark,572784.197981108,4924660.848755437,1978
Untitled Placemark,572806.1238703892,4924591.901309024,1978
Untitled Placemark,572735.07031191,4924606.126432933,1978
Untitled Placemark,572742.8885831094,4924572.66298057,1978
Untitled Placemark,572749.1879196722,4924548.492628323,1978
Untitled Placemark,572731.2485886727,4924649.890306678,1978
Untitled Placemark,572599.1723509749,4924502.293975427,1978
Untitled Placemark,573755.146475309,4924165.214353508,1978
Untitled Placemark,573786.7026959616,4924175.9312898945,1978
Untitled Placemark,573817.1660663118,4924193.720617684,1978
Untitled Placemark,573806.1988400371,4924237.669496946,1978
Untitled Placemark,573826.8270206477,4924303.723313654,1978
Untitled Placemark,573789.4271007762,4924294.942383933,1978
Untitled Placemark,573869.6839726516,4924259.095649693,1978
Untitled Placemark,573885.9925489286,4924325.5098239565,1978
Untitled Placemark,573970.7915790075,4924247.162984717,1978
Untitled Placemark,573905.4554478367,4924218.791290147,1978
Untitled Placemark,573857.7433232651,4924146.484140514,1978
Untitled Placemark,573921.1883668865,4924162.012519414,1978
Untitled Placemark,573825.2391211886,4924129.857465765,1978
Untitled Placemark,573768.2565084038,4924113.304127212,1978
Untitled Placemark,573911.09823036,4924381.604333597,1978
Untitled Placemark,573915.346726382,4924338.170283306,1978
Untitled Placemark,573850.1392241637,4924364.960549275,1978
Untitled Placemark,573816.3977245359,4924353.1223959215,1978
Untitled Placemark,573785.0957738974,4924346.638204605,1978
Untitled Placemark,573961.4321491115,4924282.954578838,1978
Untitled Placemark,574003.5253815191,4924254.197098824,1978
Untitled Placemark,574027.608227811,4924263.325214495,1978
Untitled Placemark,574055.0357336544,4924323.504457255,1978
Untitled Placemark,574064.4897552803,4924271.191038829,1978
Untitled Placemark,574090.66356903,4924332.099722947,1978
Untitled Placemark,573858.3759559564,4924316.845204716,1978
Untitled Placemark,573948.1099442458,4924395.047645018,1978
U,574012.8724979613,4924366.201644148,1978
Untitled Placemark,573978.0221876665,4924351.752674771,1978
Untitled Placemark,573838.3693343992,4924090.411834321,1978
Untitled Placemark,573769.4110132775,4924075.700663857,1978
Untitled Placemark,573597.7454761249,4924077.027265893,1978
Untitled Placemark,573703.952966284,4924062.849557793,1978
Untitled Placemark,573579.0966755231,4924157.1182263205,1978
Untitled Placemark,573565.7780642875,4924191.653345466,1978
Untitled Placemark,573601.9414276745,4924039.751804881,1978
Untitled Placemark,574055.9463676705,4925225.074185992,1978
Untitled Placemark,574065.5373683972,4925192.309274816,1978
Untitled Placemark,574076.3456532764,4925169.27433983,1978
Untitled Placemark,574092.6349645426,4925108.57520357,1978
Untitled Placemark,574162.1265451198,4925379.66465803,1978
Untitled Placemark,574171.2075513126,4925327.49964425,1978
Untitled Placemark,574098.5018930058,4925297.549775213,1978
Untitled Placemark,574106.1771785894,4925268.682087348,1978
Untitled Placemark,574113.8255223269,4925235.191779672,1978
Untitled Placemark,574027.4374318273,4925374.183015745,1978
Untitled Placemark,574045.6833254291,4925580.7041962575,1978
Untitled Placemark,573265.2180812366,4924992.6615024675,1978
Untitled Placemark,573271.3693700625,4924955.32785626,1978
Untitled Placemark,573334.4873210889,4925093.600219671,1978
Untitled Placemark,572669.7463620643,4924441.077868564,1978
Untitled Placemark,572706.4380530065,4924502.979233016,1978
Untitled Placemark,572766.737479587,4924512.160654376,1978
Untitled Placemark,572671.3148856872,4924385.959207524,1978
Untitled Placemark,572783.82385958,4924387.516152993,1978
Untitled Placemark,572287.5850046324,4924390.647400392,1978
Untitled Placemark,572410.1291719305,4924285.611924306,1978
Untitled Placemark,572360.6782715461,4924357.347396679,1978
Untitled Placemark,572531.290223867,4924338.471939987,1978
Untitled Placemark,572944.2620180806,4924900.11661028,1978
Untitled Placemark,572724.2396747677,4924360.687060275,1978
Untitled Placemark,572740.093646065,4924365.925723132,1978
Untitled Placemark,572644.4391966499,4924277.436078539,1978
Untitled Placemark,572663.4758965212,4924285.514491472,1978
Untitled Placemark,572682.6037903106,4924286.044542713,1978
Untitled Placemark,572710.2273676436,4924283.928353465,1978
Untitled Placemark,572624.23015265,4924328.122335468,1978
Untitled Placemark,572555.7547160807,4924232.468841163,1978
Untitled Placemark,572547.8817036327,4924257.4232523525,1978
Untitled Placemark,572538.6761276104,4924276.925700755,1978
Untitled Placemark,572537.5179366336,4924307.779529382,1978
Untitled Placemark,572475.8028998727,4924296.43590059,1978
Untitled Placemark,572460.6079202396,4924176.9486329025,1978
Untitled Placemark,572409.4530939022,4924227.674080813,1978
Untitled Placemark,572483.7087325914,4924188.418591645,1978
Untitled Placemark,572500.8958077854,4924195.94885692,1978
Untitled Placemark,572631.0819993975,4924972.228707604,1978
Untitled Placemark,572584.1121320018,4924994.350675338,1978
Untitled Placemark,572568.1980683798,4925003.332366542,1978
Untitled Placemark,572408.4244148866,4924917.1319638565,1978
Untitled Placemark,573031.0201946399,4924947.538134276,1978
Untitled Placemark,573090.9323676977,4924861.532661489,1978
No Name,573125.4519079409,4924876.194795844,1978
Untitled Placemark,573135.9044276627,4924910.835099718,1978
Untitled Placemark,573176.2480329206,4924923.398225162,1978
Untitled Placemark,573278.5116488506,4924927.403863567,1978
Untitled Placemark,573312.6644969158,4924980.298364846,1978
Untitled Placemark,573342.4441029313,4925054.540532238,1978
Untitled Placemark,573398.2195272928,4925026.220860107,1978
Untitled Placemark,573307.3474244514,4925009.662192327,1978
Untitled Placemark,573305.9539825141,4925026.516807461,1978
Untitled Placemark,573270.5443122507,4925172.826763008,1978
Untitled Placemark,573276.9031137784,4925154.735867135,1978
Untitled Placemark,573282.0238380558,4925131.706709238,1978
Untitled Placemark,573296.1103456932,4925041.517445522,1978
Untitled Placemark,573253.5036920395,4925013.869310273,1978
Untitled Placemark,573237.1156466664,4925077.728524112,1978
Untitled Placemark,573232.0533623232,4925095.8801627895,1978
Untitled Placemark,573208.2935995974,4925038.848279349,1978
Untitled Placemark,573161.5346167317,4925019.741427747,1978
Untitled Placemark,573160.335757066,4925055.522226254,1978
Untitled Placemark,573090.1440009789,4925129.442133097,1978
Untitled Placemark,573089.9536520964,4925112.309054857,1978
Untitled Placemark,573108.6913580513,4925043.497118825,1978
Untitled Placemark,573109.9327791082,4924995.670611149,1978
Untitled Placemark,573174.8799498877,4924937.828441995,1978
Untitled Placemark,573284.781700555,4925392.904972603,1978
Untitled Placemark,573027.2451442492,4925145.228340658,1978
Untitled Placemark,572936.4505784998,4925076.391316903,1978
Untitled Placemark,572911.5890262556,4925010.0574874645,1978
Untitled Placemark,572869.692867083,4924975.9306996,1978
Untitled Placemark,572871.4050101344,4924946.198085078,1978
Untitled Placemark,572911.4567072678,4924813.50910607,1978
Untitled Placemark,572882.1272693424,4924746.535087533,1978
Untitled Placemark,573032.2609342238,4924778.084136365,1978
Untitled Placemark,573208.99338714,4924679.838067693,1978
Untitled Placemark,573274.9811982093,4924615.718623386,1978
Untitled Placemark,573174.8291829628,4925171.378699336,1978
Untitled Placemark,572973.4223182629,4924778.889190641,1978
Untitled Placemark,572984.0496430416,4924742.507028511,1978
Untitled Placemark,573085.1664413806,4924502.851719706,1978
Untitled Placemark,573155.4227994654,4924453.990221119,1978
Untitled Placemark,573394.8352459021,4924579.710372786,1978
Untitled Placemark,573084.7066042052,4924895.842120304,1978
Untitled Placemark,573172.184470981,4924546.669953786,1978
Untitled Placemark,573436.941040689,4925209.188138963,1978
Untitled Placemark,573446.7714437299,4925152.158963958,1978
Untitled Placemark,573505.2756410303,4925180.034990882,1978
Untitled Placemark,573540.9944041646,4925156.7563838465,1978
Untitled Placemark,573564.5379676167,4925148.2614397695,1978
Untitled Placemark,573550.6871205962,4925169.106693749,1978
Untitled Placemark,573491.45469485,4925495.498009858,1978
Untitled Placemark,573491.8318049166,4925460.275884211,1978
Untitled Placemark,573445.5606470786,4925455.036981524,1978
Untitled Placemark,572988.313785428,4924878.783782453,1978
Untitled Placemark,572180.518839445,4924689.017924448,1978
Untitled Placemark,572189.3652052653,4924673.3735778835,1978
Untitled Placemark,572293.2633431781,4924639.239589136,1978
Untitled Placemark,572224.0216792801,4924810.452231305,1978
Untitled Placemark,572485.8714851473,4924276.640165121,1978
Untitled Placemark,572581.8407731395,4924334.12365723,1978
Untitled Placemark,572502.7751176981,4924455.4036973845,1978
Untitled Placemark,572498.5094518159,4924471.856550679,1978
Untitled Placemark,572450.9007726503,4924444.469462943,1978
Untitled Placemark,572436.2660479713,4924526.918730111,1978
Untitled Placemark,573154.5884429207,4925222.543825614,1978
Untitled Placemark,573188.7025280964,4925128.451550782,1978
Untitled Placemark,573272.7179511964,4925187.702110804,1978
Untitled Placemark,573343.2057104992,4925172.376852432,1978
Untitled Placemark,573369.794775449,4925108.1971395295,1978
Untitled Placemark,573398.8316795495,4925120.460827427,1978
Untitled Placemark,573368.8433225587,4925064.04020677,1978
Untitled Placemark,573090.3111707318,4924744.289955085,1978
Untitled Placemark,573095.1905279573,4924724.021115515,1978
Untitled Placemark,573138.0685742085,4925128.240320144,1978
Untitled Placemark,573045.5135950043,4925058.216444656,1978
Untitled Placemark,572763.9264379283,4925097.366436185,1978
Untitled Placemark,572267.9081084579,4924422.263491933,1978
Untitled Placemark,572277.713739871,4924407.005121838,1978
Untitled Placemark,572300.50640469,4924367.716037341,1978
Untitled Placemark,572319.0206365135,4924327.027516572,1978
Untitled Placemark,572336.2990042338,4924300.991109095,1978
Untitled Placemark,572367.2012467273,4924295.402518805,1978
Untitled Placemark,572413.4071015383,4924863.1739609055,1978
Untitled Placemark,572730.2812372075,4925026.525527818,1978
Untitled Placemark,573017.7945875827,4925024.382478154,1978
Untitled Placemark,572960.9881340637,4925003.514972313,1978
Untitled Placemark,573243.4344218494,4925060.635668082,1978
Untitled Placemark,573466.1300142597,4925323.998070062,1978
Untitled Placemark,573535.2413668163,4925286.1803909065,1978
Untitled Placemark,573201.3677736792,4925397.793485243,1978
Untitled Placemark,573611.9098196311,4925706.623253734,1978
Untitled Placemark,573503.0462252202,4925555.82617824,1978
Untitled Placemark,572874.029238974,4924962.409056684,1978
Untitled Placemark,572829.8606303585,4924990.134872273,1978
Untitled Placemark,572944.2835820243,4924884.13747869,1978
Untitled Placemark,572954.9362396832,4924845.675493346,1978
Untitled Placemark,572957.0239695496,4924829.295029722,1978
Untitled Placemark,572867.5499363041,4924796.629840525,1978
Untitled Placemark,573294.1469388828,4924540.497363211,1978
Untitled Placemark,573055.1087652259,4924479.856746219,1978
Untitled Placemark,574114.9510818118,4925456.166675459,1997
Untitled Placemark,573126.3628281564,4923657.999029851,1997
Untitled Placemark,573138.3246910705,4923604.913483257,1997
Untitled Placemark,573013.4804766857,4923625.916516398,1997
Untitled Placemark,572877.6346011901,4923644.217187596,1997
Untitled Placemark,572940.9118486358,4923820.42917644,1997
Untitled Placemark,573160.9393332452,4925359.074898545,1997
Untitled Placemark,572858.4230586116,4925157.895935008,1997
Untitled Placemark,573095.0256226114,4925054.38202385,1997
Untitled Placemark,573099.826424678,4925032.449105719,1997
Untitled Placemark,573127.639707917,4925148.944984246,1997
Untitled Placemark,573097.0272086003,4925078.391722116,1997
Untitled Placemark,572998.9353681919,4925117.208295355,1997
Untitled Placemark,572874.9681552572,4924996.570948093,1997
Untitled Placemark,572949.9006005024,4924859.312478562,1997
Untitled Placemark,572844.7880892459,4924869.706992333,1997
Untitled Placemark,572855.1658792212,4924832.574795391,1997
Untitled Placemark,574030.6476436433,4925287.905825039,1997
Untitled Placemark,574038.1267771408,4925248.511756695,1997
Untitled Placemark,574033.7930748087,4925332.416000687,1997
Untitled Placemark,574079.0461909669,4925434.807482464,1997
Untitled Placemark,574082.8209526356,4925386.786673784,1997
Untitled Placemark,573659.9099039894,4925746.21210449,1997
Untitled Placemark,573676.9339463672,4925753.677071273,1997
Untitled Placemark,573709.3035620676,4925780.799052845,1997
Untitled Placemark,573824.559821098,4925874.2727636825,1997
Untitled Placemark,573745.0359088478,4925807.416501432,1997
Untitled Placemark,573791.9498012882,4925837.777103857,1997
Untitled Placemark,573578.5910036758,4925668.239454211,1997
Untitled Placemark,573537.9481293426,4925575.859524276,1997
Untitled Placemark,573536.3724868097,4925518.9649312645,1997
Untitled Placemark,573496.7700585056,4925438.559896635,1997
Untitled Placemark,573571.8099671955,4925379.212553375,1997
Untitled Placemark,573474.4855785585,4925348.740148638,1997
Untitled Placemark,573181.0224279851,4925108.980160499,1997
Untitled Placemark,573196.2218261488,4925019.989952062,1997
Untitled Placemark,572978.2172742082,4924916.222489154,1997
Untitled Placemark,574148.8941426225,4924418.797637784,1997
Untitled Placemark,574161.7391068831,4924368.539957934,1997
Untitled Placemark,574119.7747300487,4924289.007736994,1997
Untitled Placemark,574162.835467597,4924336.060566251,1997
Untitled Placemark,574263.257941355,4924373.376278024,1997
Untitled Placemark,572436.6974580336,4924507.915880672,1997
Untitled Placemark,572384.4241244671,4924471.603383314,1997
Untitled Placemark,572440.9804215191,4924470.7574310545,1997
Untitled Placemark,572446.9613351393,4924420.794506008,1997
Untitled Placemark,572392.669073672,4924429.233971166,1997
Untitled Placemark,572392.2322133452,4924515.564124173,1997
Untitled Placemark,572375.5647432788,4924572.838397237,1997
Untitled Placemark,572510.273245809,4924405.307112843,1997
Untitled Placemark,572577.2433300602,4924630.929302195,1997
Untitled P,572710.4627214315,4924683.7181938,1997
Untitled Placemark,572480.1529357292,4924346.293455238,1997
Untitled Placemark,572831.2610298147,4924444.740104156,1997
Untitled Placemark,572884.1084639812,4924687.949628421,1997
Untitled Placemark,572885.733648556,4924732.072609595,1997
Untitled Placemark,573169.8447336056,4924672.318693329,1997
Untitled Placemark,573214.9609773603,4924642.682099524,1997
Untitled Placemark,573280.1914128186,4924637.540086019,1997
Untitled Placemark,573285.2235854972,4924595.08758409,1997
Untitled Placemark,573438.7474119482,4924651.327960286,1997
Untitled Placemark,572966.0180328205,4924967.813306861,1997
Untitled Placemark,573242.8417917844,4925419.112872221,1997
Untitled Placemark,573134.0759726291,4925340.473074839,1997
Untitled Placemark,573099.0105144716,4925321.77279777,1997
Untitled Placemark,572487.6749715328,4924493.972428116,1997
Untitled Placemark,572329.8740010717,4924392.788768568,1997
Untitled Placemark,572326.0481105547,4924411.150321559,1997
Untitled Placemark,572459.3635270447,4924376.6361169275,1997
Untitled Placemark,572468.1837393409,4924359.317297511,1997
Untitled Placemark,572513.2357684874,4924371.805099599,1997
Untitled Placemark,572561.7450242768,4924381.187657101,1997
Untitled Placemark,572553.9588264311,4924454.982279855,1997
Untitled Placemark,572572.2102453813,4924348.050663157,1997
Untitled Placemark,572644.7185513405,4924554.964286752,1997
Untitled Placemark,572578.2812931561,4924604.2655337285,1997
Untitled Placemark,572307.5986565789,4924538.812952551,1997
Untitled Placemark,572289.9932524692,4924514.187273722,1997
Untitled Placemark,573726.4586818457,4924317.998515848,1997
Untitled Placemark,573758.8725757727,4924329.670237944,1997
Untitled Placemark,573695.5704911192,4924256.826227422,1997
Untitled Placemark,573653.1607948717,4924126.504097942,1997
Untitled Placemark,573630.4742402204,4924211.335304308,1997
Untitled Placemark,573641.2419298876,4924186.517802207,1997
Untitled Placemark,573682.1339559692,4924051.7091944255,1997
Untitled Placemark,573684.5618367456,4924013.027785322,1997
Untitled Placemark,573615.0721349296,4923997.249549579,1997
Untitled Placemark,573608.3447038989,4924018.830881404,1997
Untitled Placemark,573575.6697661331,4924012.717516712,1997
Untitled Placemark,573539.4240675316,4923977.843029459,1997
Untitled Placemark,573550.4180992555,4923946.919088998,1997
Untitled Placemark,573588.4388374732,4923949.054222882,1997
Untitled Placemark,573223.1928401531,4923862.545770954,1997
Untitled Placemark,573177.8900401805,4923837.9627035195,1997
Untitled Placemark,573250.3336161977,4923879.991105306,1997
Untitled Placemark,573260.206306809,4923821.131317636,1997
Untitled Placemark,573290.2546368579,4923835.807282625,1997
Untitled Placemark,573359.7663750743,4923855.970741118,1997
Untitled Placemark,573516.3026911977,4924065.665922085,1997
Untitled Placemark,573218.8742659267,4923922.646818797,1997
Untitled Placemark,573278.3376943405,4923888.383916554,1997
Untitled Placemark,573062.3709573867,4923768.327103253,1997
Untitled Placemark,573116.5999257676,4923783.843431827,1997
Untitled Placemark,572991.6055339043,4923734.200355755,1997
Untitled Placemark,572914.5746162118,4923642.04652411,1997
Untitled Placemark,573236.2676432754,4923817.448659091,1997
Untitled Placemark,573397.7723798564,4923819.660521625,1997
Untitled Placemark,573740.6750787253,4924265.619077774,1997
Untitled Placemark,573734.5658511226,4924280.681031941,1997
Untitled Placemark,573731.2037916526,4924299.6649543,1997
Untitled Placemark,573700.6922982918,4924180.328936165,1997
Untitled Placemark,572923.2951969537,4923521.556772338,1997
Untitled Placemark,573108.3344096987,4923598.209584223,1997
Untitled Placemark,573745.9702893391,4924219.473173067,1997
Untitled Placemark,573393.5582854365,4924598.93122236,1997
Untitled Placemark,573383.686324634,4924618.337703843,1997
Untitled Placemark,573382.6691651935,4924636.983038863,1997
Untitled Placemark,573377.4837671383,4924653.654804873,1997
Untitled Placemark,573371.9209995231,4924668.221432728,1997
Untitled Placemark,573374.477845117,4924687.045366474,1997
Untitled Placemark,573350.6220837589,4924721.159383717,1997
Untitled Placemark,573404.6671286842,4924738.423725425,1997
Untitled Placemark,573301.9368690775,4924755.075820251,1997
Untitled Placemark,573253.4079294585,4924730.584565412,1997
Untitled Placemark,573256.1416081251,4924715.435218596,1997
Untitled Placemark,573290.8785488378,4924801.303694809,1997
Untitled Placemark,573292.4356371874,4924817.590181042,1997
Untitled Placemark,573153.5610836333,4924714.682590957,1997
Untitled Placemark,573064.8431673,4924583.027317905,1997
Untitled Placemark,573046.3580465897,4924688.142481513,1997
Untitled Placemark,573054.1730164298,4924651.180676197,1997
Untitled Placemark,572991.1564938733,4924447.068302643,1997
Untitled Placemark,572976.3323448936,4924446.447920855,1997
Untitled Placemark,572957.1231031575,4924444.164091128,1997
Untitled Placemark,572937.4031731564,4924420.79144731,1997
Untitled Placemark,572935.0750429808,4924436.683219778,1997
Untitled Placemark,572931.6528137483,4924449.511280019,1997
Untitled Placemark,572868.0851018516,4924503.182903918,1997
Untitled Placemark,572821.5752289024,4924492.995254709,1997
Untitled Placemark,572835.0647020935,4924420.810572584,1997
Untitled Placemark,572886.5605579678,4924393.453781094,1997
Untitled Placemark,572898.9872792179,4924362.459770289,1997
Untitled Placemark,572921.2543640449,4924528.679822237,1997
Untitled Placemark,572912.0145674852,4924553.13290822,1997
Untitled Placemark,572906.4236264257,4924569.062219835,1997
Untitled Placemark,572906.6795026395,4924587.209452042,1997
Untitled Placemark,572895.8120300273,4924664.901456822,1997
Untitled Placemark,572891.7608065093,4924718.300007619,1997
Untitled Placemark,572886.0354838995,4924700.039913148,1997
Untitled Placemark,573602.2658824121,4925216.067249581,2002
Untitled Placemark,573377.9059054116,4925245.04249038,2002
Untitled Placemark,573227.4351466208,4924951.584730552,2002
Untitled Placemark,573182.7993423117,4924891.2722716145,2002
Untitled Placemark,573200.832497227,4924945.514964915,2002
Untitled Placemark,573319.9911945715,4925187.817052295,2002
Untitled Placemark,573383.2303333583,4925204.916535227,2002
Untitled Placemark,573401.1636155307,4925154.137660918,2002
Untitled Placemark,573400.6883636459,4925135.591757179,2002
Untitled Placemark,573486.7380718258,4925221.804130638,2002
Untitled Placemark,573026.2713897157,4924795.634423081,2002
Untitled Placemark,573627.5540282562,4925323.358318844,2002
Untitled Placemark,573454.334452454,4925377.020453747,2002
Untitled Placemark,573347.0124032822,4925382.105357761,2002
Untitled Placemark,573355.449547007,4925333.883482074,2002
Untitled Placemark,573367.2033841641,4925304.085349901,2002
Untitled Placemark,573368.1126684332,4925280.267959175,2002
Untitled Placemark,572956.5139161703,4924643.334502196,2002
Untitled Placemark,572963.3910115962,4924625.754224406,2002
Untitled Placemark,573248.4091641206,4924775.61954551,2002
Untitled Placemark,573248.3950224897,4924786.39602654,2002
Untitled Placemark,573246.1431794894,4924805.39192664,2002
Untitled Placemark,573246.8294873453,4924822.034124162,2002
Untitled Placemark,573240.898906495,4924862.4543347685,2002
Untitled Placemark,573325.0853341429,4924669.058445637,2002
Untitled Placemark,573329.1034427097,4924633.817662393,2002
Untitled Placemark,573808.8240255988,4925852.082091542,2002
Untitled Placemark,573534.529995682,4924388.557392934,2002
Untitled Placemark,574075.2342372228,4925140.812887414,2002
Untitled Placemark,574136.3421048728,4925185.432020817,2002
Untitled Placemark,574210.7262047563,4925153.392577583,2002
Untitled Placemark,574205.247920715,4925179.611631633,2002
Untitled Placemark,574205.5847845748,4925206.279227155,2002
Untitled Placemark,574183.1702471436,4925303.831084039,2002
Untitled Placemark,574176.9133112667,4925419.028975578,2002
Untitled Placemark,574132.570246199,4925479.130310978,2002
Untitled Placemark,572655.996257312,4924487.768048958,2002
Untitled Placemark,572910.0797802833,4923700.666874899,2002
Untitled Placemark,572944.4616675532,4923710.45916749,2002
Untitled Placemark,572889.0671365325,4923611.290882883,2002
Untitled Placemark,572957.3790400755,4923669.027196676,2002
Untitled Placemark,572979.2250901,4923548.327066564,2002
Untitled Placemark,573715.7223379352,4924096.8690557005,2002
Untitled Placemark,573947.2572466353,4924170.334671132,2002
Untitled Placemark,573980.2354621977,4924178.219900056,2002
Untitled Placemark,574007.8322394564,4924190.967159007,2002
Untitled Placemark,573900.8904855223,4924261.948097867,2002
Untitled Placemark,573740.3047447555,4924184.79209387,2002
Untitled Placemark,573776.8944571536,4924226.765059515,2002
Untitled Placemark,573698.2650129336,4924208.461456434,2002
Untitled Placemark,574041.6426003145,4924371.485617084,2002
Untitled Placemark,574066.8694740605,4924381.528265245,2002
Untitled Placemark,574065.2994400769,4924429.916303729,2002
Untitled Placemark,574098.8328202153,4924395.21428726,2002
Untitled Placemark,573968.7586409884,4924400.617348409,2002
Untitled Placemark,573838.8377419709,4924249.871754181,2002
Untitled Placemark,573878.6120642729,4924211.346750127,2002
Untitled Placemark,573595.9941465068,4924122.547210782,2002
Untitled Placemark,573674.2162715965,4924252.109194526,2002
Untitled Placemark,573489.3042843506,4924247.176102699,2002
Untitled Placemark,574178.7473892329,4924407.785002814,2002
Untitled Placemark,574262.5746003459,4924405.618158576,2002
Untitled Placemark,574157.6011391557,4924388.620698161,2002
Untitled Placemark,573796.5071508044,4924122.916651957,2002
Untitled Placemark,573801.7691560158,4924077.036917101,2002
Untitled Placemark,573723.2201792747,4924022.641053703,2002
Untitled Placemark,573366.7529468439,4923919.255376448,2002
Untitled Placemark,573323.5316622766,4923906.52103938,2002
Untitled Placemark,573169.1203054306,4923707.345303504,2002
Untitled Placemark,573093.0173830324,4923656.771668089,2002
Untitled Placemark,573020.1119690211,4923683.181598296,2002
Untitled Placemark,573031.9581389965,4923632.97119776,2002
Untitled Placemark,573228.990633859,4923705.701856931,2002
Untitled Placemark,573276.6275940163,4923726.358350189,2002
Untitled Placemark,573315.855016359,4923738.664109245,2002
Untitled Placemark,573348.8703829306,4923746.895018095,2002
Untitled Placemark,573384.8914779011,4923759.601877401,2002
Untitled Placemark,573168.6067682425,4923858.066280553,2002
Untitled Placemark,573503.5693891892,4923853.937483546,2002
Untitled Placemark,573412.1892415573,4924006.0895130895,2002
Untitled Placemark,573454.3873063831,4924112.503823939,2002
Untitled Placemark,573998.3246399468,4924414.247458842,2002
Untitled Placemark,573874.2214725681,4924107.225098636,2002
Untitled Placemark,572934.7252573716,4923594.18673695,2002
Untitled Placemark,573275.7189462604,4924670.223121216,2002
Untitled Placemark,573198.4130090479,4924754.879511617,2002
Untitled Placemark,573127.8329890058,4924734.992815029,2002
Untitled Placemark,573142.046699773,4924756.175504223,2002
Untitled Placemark,573234.8927674079,4924570.860683485,2002
Untitled Placemark,573228.7383953914,4924595.296411152,2002
Untitled Placemark,573181.3662533913,4924579.361177762,2002
Untitled Placemark,573302.7026964892,4924788.766796522,2002
Untitled Placemark,572981.7462330796,4924764.305962466,2002
Untitled Placemark,573034.8366188497,4924467.945889155,2002
Untitled Placemark,572906.948188592,4924876.269876862,2002
Untitled Placemark,572895.7295914888,4924904.319186886,2002
Untitled Placemark,572885.8914158333,4924916.477618686,2002
Untitled Placemark,572933.7226265148,4924949.061924926,2002
Untitled Placemark,573350.8129154149,4924993.994961436,2002
Untitled Placemark,572964.3404988345,4925024.430198616,2002
Untitled Placemark,573442.4204268464,4925184.160159357,2002
Untitled Placemark,573426.5623697998,4925243.586884131,2002
Untitled Placemark,573470.6210155233,4925079.183026829,2002
Untitled Placemark,573573.82310225,4925349.315622319,2002
Untitled Placemark,573590.79549368,4925268.109043934,2002
Untitled Placemark,573644.1312303658,4925729.1490472555,2002
Untitled Placemark,573465.4841308647,4925420.200839879,2002
Untitled Placemark,573581.293682359,4925301.536188989,2002
Untitled Placemark,573638.9474288676,4925276.350842757,2002
Untitled Placemark,573635.4677517641,4925292.814338172,2002
Untitled Placemark,573595.1220585214,4925156.724181512,2002
Untitled Placemark,573604.2965105282,4925179.639397393,2002
Untitled Placemark,573082.8240173319,4924795.531131662,2002
Untitled Placemark,573092.1499181585,4924771.76733267,2002
Untitled Placemark,573133.9604712456,4924827.909841091,2002
Untitled Placemark,572634.7040541319,4924624.706396277,2002
Untitled Placemark,572646.6940989012,4924601.630291528,2002
Untitled Placemark,572649.4941778419,4924579.933880565,2002
Untitled Placemark,572610.8455606838,4924442.527019432,2002
Untitled Placemark,572741.10512857,4924412.4915503245,2002
Untitled Placemark,572778.2994740648,4924435.374465837,2002
Untitled Placemark,573028.9915234521,4924930.409997017,2002
Untitled Placemark,573023.6899871853,4924976.190524607,2002
Untitled Placemark,573117.0031185651,4924951.807122581,2002
Untitled Placemark,573120.099845197,4924921.729465449,2002
Untitled Placemark,573498.5768341939,4925417.765619801,2002
Untitled Placemark,573504.0401098458,4925397.46869261,2002
Untitled Placemark,573513.8072364442,4925350.115338923,2002
Untitled Placemark,573529.2070329946,4925335.638674158,2002
Untitled Placemark,573527.2262470649,4925297.962271155,2002
Untitled Placemark,573534.67360034,4925260.854027419,2002
Untitled Placemark,573541.4900275258,4925201.919761025,2002
Untitled Placemark,573548.8235770733,4925186.089453338,2002
Untitled Placemark,573195.5211919476,4924846.1016665455,2002
Untitled Placemark,572385.3849548069,4924545.72156111,2002
Untitled Placemark,573174.5874786774,4924659.9043985605,2002
Untitled Placemark,573374.1431298669,4924849.813365419,2002
Untitled Placemark,573387.4182469322,4924793.514898515,2002
Untitled Placemark,572530.3896963798,4924968.345889261,2002
Untitled Placemark,572551.3898493742,4924975.432188302,2002
Untitled Placemark,572848.1080821928,4925024.909319596,2002
Untitled Placemark,572869.1725675033,4925038.809041283,2002
Untitled Placemark,572952.1374250882,4925091.686082761,2002
Untitled Placemark,573077.003333152,4925170.681550194,2002
Untitled Placemark,573488.0784667315,4925017.471768527,2002
Untitled Placemark,573510.508522623,4924977.384604395,2002
Untitled Placemark,573417.9451308368,4924979.930423045,2002
Untitled Placemark,573588.461736787,4925064.375211766,2002
Untitled Placemark,572180.6974687094,4924597.042220926,2002
Untitled Placemark,572166.2758681988,4924614.976194801,2002
Untitled Placemark,572054.288188486,4924727.084594741,2002
Untitled Placemark,572065.588417823,4924737.3238812145,2002
Untitled Placemark,572082.3753658192,4924740.510669645,2002
Untitled Placemark,572082.4119571137,4924693.145666693,2002
Untitled Placemark,572100.0380646487,4924699.549241881,2002
Untitled Placemark,572112.793894051,4924706.285021977,2002
Untitled Placemark,572137.88108311,4924706.6719988305,2002
Untitled Placemark,572156.4591279924,4924729.268930858,2002
Untitled Placemark,572165.549236607,4924736.554869121,2002
Untitled Placemark,572185.7422227351,4924740.623343152,2002
Untitled Placemark,572207.2613531451,4924745.485935977,2002
Untitled Placemark,572264.7536042965,4924829.595528541,2002
Untitled Placemark,572277.9878550189,4924835.347518057,2002
Untitled Placemark,572183.1681121096,4924793.729713933,2002
Untitled Placemark,572352.0088289002,4924868.223822857,2002
Untitled Placemark,572298.3631886194,4924845.94501431,2002
Untitled Placemark,572492.8806165165,4924946.360472202,2002
Untitled Placemark,572454.5252563956,4924874.948010249,2002
Untitled Placemark,572394.3201582426,4924851.674354321,2002
Untitled Placemark,572640.1999799963,4925024.466976446,2002
Untitled Placemark,572194.7649232784,4924664.29974411,2002
Untitled Placemark,572224.8229317017,4924599.463490156,2002
Untitled Placemark,572234.4542150586,4924571.938646646,2002
Untitled Placemark,572201.5596704078,4924565.146196561,2002
Untitled Placemark,572221.5511308396,4924493.304001422,2002
Untitled Placemark,572309.7034062591,4924342.2150692865,2002
Untitled Placemark,572321.9114939945,4924314.994770992,2002
Untitled Placemark,572403.3866890088,4924405.320543884,2002
Untitled Placemark,572559.1030747133,4924430.467696125,2002
Untitled Placemark,572714.0334289275,4924465.0488513345,2002
Untitled Placemark,572717.8490574964,4924448.194260155,2002
Untitled Placemark,572721.4784998948,4924433.482752932,2002
Untitled Placemark,572562.420729494,4924412.150483098,2002
Untitled Placemark,573585.3670485904,4925332.386197536,2002
Untitled Placemark,573430.8615532181,4925559.419239186,2002
Untitled Placemark,573322.825616429,4925471.380179239,2002
Untitled Placemark,573414.5811897404,4925334.33869969,2002
Untitled Placemark,573417.3784083588,4925303.9992059,2002
Untitled Placemark,573474.736995508,4925307.830470781,2002
Untitled Placemark,573512.7326936752,4924487.371568471,2002
Untitled Placemark,573450.6669335068,4924138.224892951,2002
Untitled Placemark,573501.5612541633,4924124.469072275,2002
Untitled Placemark,573434.19670544,4924183.436837911,2002
Untitled Placemark,573107.6600343155,4923712.919496533,2002
Untitled Placemark,573434.440042794,4923999.724931551,2002
Untitled Placemark,573939.6964692868,4924226.004628077,2002
Untitled Placemark,573923.2327713663,4924270.2715530945,2002
Untitled Placemark,573941.7415203966,4924339.906818632,2002
Untitled Placemark,574149.0116126334,4924438.952093389,2002
Untitled Placemark,573991.2760237998,4924759.125185551,2008
Untitled Placemark,574002.4275908025,4924725.390001007,2008
Untitled Placemark,574008.0656284364,4924686.942935621,2008
Untitled Placemark,573450.2419049287,4925573.713750823,2008
Untitled Placemark,573463.4103577514,4925586.578957374,2008
Untitled Placemark,573484.1875068925,4925602.317183937,2008
Untitled Placemark,573297.3439238509,4925409.590525494,2008
Untitled Placemark,573248.4573527762,4925301.137511252,2008
Untitled Placemark,573238.1577851082,4925287.399066103,2008
Untitled Placemark,573230.4532271038,4925272.409000114,2008
Untitled Placemark,573258.4900396398,4925238.302577796,2008
Untitled Placemark,573261.6707918686,4925216.399661086,2008
Untitled Placemark,573263.9488329261,4925202.156045835,2008
Untitled Placemark,573282.5261742002,4925099.092034354,2008
Untitled Placemark,573171.4068321004,4925230.016226994,2008
Untitled Placemark,572963.2406980084,4925049.014703883,2008
Untitled Placemark,572843.2801096978,4924911.098908937,2008
Untitled Placemark,573965.6969156147,4924656.90918346,2008
Untitled Placemark,573934.8259773188,4924634.0587923685,2008
Untitled Placemark,573896.5085737975,4924628.099300438,2008
Untitled Placemark,573887.5478379701,4924668.099629134,2008
Untitled Placemark,573874.4392466956,4924760.297409151,2008
Untitled Placemark,573863.0299962158,4924813.4746313775,2008
Untitled Placemark,573859.3733195437,4924859.594416696,2008
Untitled Placemark,573854.6137525155,4924902.453911903,2008
Untitled Placemark,573836.3891903192,4925006.050262836,2008
Untitled Placemark,573890.5811906029,4924864.5665797815,2008
Untitled Placemark,573871.1718673644,4924860.0275774235,2008
Untitled Placemark,574023.8127601855,4924867.229271024,2008
Untitled Placemark,574490.7240211146,4924641.901965233,2008
Untitled Placemark,574308.774246242,4924579.149905982,2008
Untitled Placemark,574125.4475151342,4924512.614697547,2008
Untitled Placemark,573983.7624770954,4924473.557302412,2008
Untitled Placemark,574182.1774243118,4924724.241309076,2008
Untitled Placemark,574226.0456924295,4924553.50298818,2008
Untitled Placemark,574075.2364871727,4924598.030527864,2008
Untitled Placemark,574299.291774088,4925238.742700479,2008
Untitled Placemark,574371.3688665649,4924941.581697943,2008
Untitled Placemark,574426.7599914782,4924867.750874691,2008
Untitled Placemark,574254.168117772,4924791.393933735,2008
Untitled Placemark,574291.2975077874,4924709.273513163,2008
Untitled Placemark,574021.4898730036,4925100.538335104,2008
Untitled Placemark,574041.162700431,4925024.586685328,2008
Untitled Placemark,573968.6499279202,4924948.338198795,2008
Untitled Placemark,574042.5166046605,4924777.425887879,2008
Untitled Placemark,574205.9990163174,4925074.457713201,2008
Untitled Placemark,573926.3991480363,4925077.205622436,2008
Untitled Placemark,574152.7065369453,4924863.93981741,2008
Untitled Placemark,574104.0208407766,4924904.171401579,2008
Untitled Placemark,574074.0049341775,4924975.880600547,2008
Untitled Placemark,574113.8484905435,4925051.899168484,2008
Untitled Placemark,574291.3428689518,4925049.247218859,2008
Untitled Placemark,574283.543005917,4924939.421478692,2008
Untitled Placemark,574162.3848533746,4924849.746599341,2008
Untitled Placemark,574062.9936303223,4924735.231300872,2008
Untitled Placemark,574001.3098385341,4924537.187250199,2008
Untitled Placemark,573817.6682935094,4924524.835551653,2008
Untitled Placemark,573820.1032254039,4925046.892557456,2008
Untitled Placemark,573755.35089323,4924886.916334801,2008
Untitled Placemark,573977.4351844986,4925002.195401907,2008
Untitled Placemark,574132.4209330532,4924601.2551553305,2008
Untitled Placemark,574166.8281886935,4924617.60325415,2008
Untitled Placemark,572527.2613709309,4924559.06798784,2008
Untitled Placemark,572537.8302402593,4924528.264652739,2008
Untitled Placemark,572537.231977943,4924505.334490699,2008
Untitled Placemark,572591.5235773972,4924543.100146912,2008
Untitled Placemark,572602.1854069812,4924526.136623672,2008
Untitled Placemark,573988.913024534,4924853.317088841,2008
Untitled Placemark,573985.1470711913,4924833.613970123,2008
Untitled Placemark,573988.0922533692,4924810.675322187,2008
Untitled Placemark,573989.5700804957,4924790.971001338,2008
Untitled Placemark,573398.6449298351,4925533.515296198,2008
Untitled Placemark,573631.7806331358,4925712.191665933,2008
Untitled Placemark,573267.1635993001,4925437.061131444,2008
Untitled Placemark,573321.7121988209,4924163.38246225,2008
Untitled Placemark,573306.0337603708,4924158.370413072,2008
Untitled Placemark,573293.2213245778,4924152.827371252,2008
Untitled Placemark,573277.0992105971,4924143.568360044,2008
Untitled Placemark,573332.3980810614,4924113.577166208,2008
Untitled Placemark,573317.6451742972,4924104.543140397,2008
Untitled Placemark,573304.0231517021,4924101.13380648,2008
Untitled Placemark,573295.5115061592,4924092.4518210925,2008
Untitled Placemark,573279.0894282839,4924082.752801451,2008
Untitled Placemark,573265.6754074742,4924075.210787881,2008
Untitled Placemark,573253.8255544063,4924064.135415376,2008
Untitled Placemark,573243.5855907856,4924055.765536675,2008
Untitled Placemark,573226.7164700329,4924047.29835469,2008
Untitled Placemark,573215.7660730137,4924040.8876324855,2008
Untitled Placemark,573201.1816009807,4924032.864694606,2008
Untitled Placemark,573188.8184049372,4924021.812412843,2008
Untitled Placemark,573176.5686238318,4924012.391730669,2008
Untitled Placemark,573163.1689415016,4924005.369190127,2008
Untitled Placemark,573262.9555732987,4924138.4924172275,2008
Untitled Placemark,573249.2536425204,4924124.971371638,2008
Untitled Placemark,573234.300849314,4924117.926947764,2008
Untitled Placemark,573224.2584741627,4924106.217656383,2008
Untitled Placemark,573214.5961039077,4924099.29493987,2008
Untitled Placemark,573200.9782207025,4924090.489582885,2008
Untitled Placemark,573188.4739855237,4924082.03092588,2008
Untitled Placemark,573175.9002986618,4924075.024496505,2008
Untitled Placemark,573162.8621794116,4924063.180943637,2008
Untitled Placemark,573149.0018713408,4924052.353708436,2008
Untitled Placemark,573428.9226569353,4924215.990217463,2008
Untitled Placemark,573296.9681567822,4923963.135135861,2008
Untitled Placemark,573336.8742404822,4923973.584957678,2008
Untitled Placemark,573365.3997966661,4923987.4211837,2008
Untitled Placemark,573535.9120043963,4924009.568016133,2008
Untitled Placemark,573526.5675802454,4924034.2561720535,2008
