,Name,UTM Easting,UTM Northing,Year,Wasaga Easting,Wasaga Northing,Year End
0,Untitled Placemark,572149.2053304325,4924781.930550895,1978,128.3952099668849,1537.4687331877228,2011
1,Untitled Placemark,572247.0922363288,4924821.243736504,1978,231.00374739211017,1515.436320909206,2011
2,Untitled Placemark,572200.5620345173,4924800.475808564,1978,181.07165530475262,1524.193319352065,2011
3,Untitled Placemark,572164.9304188166,4924788.286626361,1978,144.90138882049516,1533.9628046590187,2011
4,Untitled Placemark,572131.0843047297,4924773.860013462,1978,108.95904355260326,1540.8935169384881,2011
5,Untitled Placemark,572103.0252822072,4924758.047212034,1978,77.01871104336492,1543.4613348029204,2011
6,Untitled Placemark,572364.9671080142,4924878.2965777805,1978,359.9675794459584,1496.9155778062088,2011
7,Untitled Placemark,572425.4493924681,4924910.256453841,1978,427.633841416977,1489.6276694023622,2011
8,Untitled Placemark,572465.1893065877,4924925.843788822,1978,469.08314960976367,1480.3753913262283,2011
9,Untitled Placemark,572333.4579670522,4924857.938258759,1978,322.6527528741397,1497.6536719085595,2011
10,Untitled Placemark,572388.2480562401,4924888.517616784,1978,384.8560554237208,1492.393881487383,2011
11,Untitled Placemark,572310.3010637757,4924845.165344133,1978,296.44689015898456,1500.00156813167,2011
12,Untitled Placemark,572433.9552903982,4924861.540651647,1978,407.54718157215956,1444.7146952350486,2011
13,Untitled Placemark,572748.2903917198,4925038.095471382,1978,765.0348000756483,1415.4614892982881,2011
14,Untitled Placemark,572663.9918363214,4924989.074371799,1978,668.2330896041216,1421.9271222758825,2011
15,Untitled Placemark,572706.7245102791,4925005.929285652,1978,712.8560281958137,1412.0553657837518,2011
16,Untitled Placemark,572672.4997592224,4925037.291702105,1978,702.0754476879368,1456.9635629524832,2011
17,Untitled Placemark,572704.9576933379,4925049.66366918,1978,735.7297482554209,1449.1104706806,2011
18,Untitled Placemark,573478.5855255254,4925276.5178507455,1978,1500.0257784586122,1205.8233522740422,2011
19,Untitled Placemark,573477.0433410034,4925243.835836238,1978,1480.571616607718,1179.7251671858714,2011
20,Untitled Placemark,573489.4219552722,4925203.458845226,1978,1468.3183540612545,1139.5355227633568,2011
21,Untitled Placemark,573601.5363314396,4925200.339158627,1978,1559.054807359442,1074.5891889405875,2011
22,Untitled Placemark,573554.1128252759,4925408.359762211,1978,1635.6691108480904,1272.5481663625774,2011
23,Untitled Placemark,573618.3879833885,4925359.00940064,1978,1661.2279627818148,1196.0853848846061,2011
24,Untitled Placemark,573586.1225858466,4925255.155174411,1978,1576.837633464993,1128.3767064145493,2011
25,Untitled Placemark,573543.3282791054,4925140.389061068,1978,1477.6923789247448,1057.5254994089626,2011
26,Untitled Placemark,573484.3697387122,4925261.559154719,1978,1496.4745486836705,1190.2674418949414,2011
27,Untitled Placemark,573619.0496819288,4925343.474772248,1978,1653.1312663237622,1182.9042819451633,2011
28,Untitled Placemark,573638.2397328382,4925223.542002959,1978,1602.2363755189137,1073.307510319538,2011
29,Untitled Placemark,573593.3964185264,4925228.409893369,1978,1567.957747013034,1102.2704810365724,2011
30,Untitled Placemark,573615.9347006495,4925380.662615666,1978,1671.2509461308377,1215.309825979952,2011
31,Untitled Placemark,573384.8215093421,4925178.479482958,1978,1368.1468978388884,1177.1254673899007,2011
32,Untitled Placemark,573381.0273400639,4925155.87768554,1978,1352.44327991784,1160.5943142847204,2011
33,Untitled Placemark,573328.1267163615,4925144.778803622,1978,1302.6360917468648,1180.8704434114302,2011
34,Untitled Placemark,573334.4862584133,4925116.014369429,1978,1291.8787708186385,1153.6074709425209,2011
35,Untitled Placemark,573317.7035093758,4925157.13639549,1978,1300.913988234363,1196.8617977389817,2011
36,Untitled Placemark,573296.6028279758,4925066.004414869,1978,1232.8101651129582,1133.4351112342724,2011
37,Untitled Placemark,573307.4502553545,4924949.625133886,1978,1177.0112022307712,1031.4105582629154,2011
38,Untitled Placemark,573233.5237023012,4925109.892692364,1978,1205.1990503334312,1204.7273651188495,2011
39,Untitled Placemark,573232.5401989765,4925129.644098112,1978,1215.376265050948,1221.565501541831,2011
40,Untitled Placemark,573223.9829071722,4925161.874298023,1978,1226.2490085402237,1252.9097272461386,2011
41,Untitled Placemark,573217.6465293972,4925194.968564215,1978,1239.4342748594788,1283.7310622232974,2011
42,Untitled Placemark,573299.1692362638,4925257.0674841525,1978,1341.2221191776869,1289.5963313422121,2011
43,Untitled Placemark,573140.5080234911,4925222.388593127,1978,1191.065097513014,1349.2620218089703,2011
44,Untitled Placemark,573347.4274353406,4925353.008693567,1978,1434.4010340894727,1341.8809818302157,2011
45,Untitled Placemark,573122.320608899,4924980.774954725,1978,1041.6458435947616,1160.0971645743682,2011
46,Untitled Placemark,573500.739369568,4925608.544168888,1978,1703.0163352712925,1467.3540094596729,2011
47,Untitled Placemark,573473.5940660881,4925599.996013217,1978,1675.8712198153619,1475.405379780249,2011
48,Untitled Placemark,573422.8635840411,4925553.220886591,1978,1608.00600330401,1465.0483808229274,2011
49,Untitled Placemark,572262.9213322897,4924614.76808797,1978,129.18985724067954,1336.3287175321839,2011
50,Untitled Placemark,572191.9550843921,4924550.092032281,1978,34.675238246894516,1322.4648909305588,2011
51,Untitled Placemark,572202.2164790672,4924654.5544122085,1978,101.25498224772387,1402.9167842303234,2011
52,Untitled Placemark,573450.2631831493,4924083.578851145,1978,812.9911067968638,237.64283795427218,2011
53,Untitled Placemark,573459.1037585316,4924036.397173239,1978,794.0339771199855,193.80901801784708,2011
54,Untitled Placemark,573468.8259938498,4924005.141639562,1978,784.6643216441576,162.62059847354666,2011
55,Untitled Placemark,573485.5556041923,4923943.118267937,1978,763.9571137688135,102.1563845913945,2011
56,Untitled Placemark,573495.7657526954,4923909.7228673315,1978,753.7994055117429,68.93155728460954,2011
57,Untitled Placemark,573445.8311330439,4923907.033122514,1978,711.1168822766401,94.49345732317295,2011
58,Untitled Placemark,573618.5913771539,4923957.649029305,1978,881.7691270758116,40.128840493582025,2011
59,Untitled Placemark,573299.4472970769,4923893.240358802,1978,582.705948029833,164.55570459496488,2011
60,Untitled Placemark,573317.9788043157,4923840.828163196,1978,568.8319853688931,111.01633868368256,2011
61,Untitled Placemark,573369.3777403046,4923877.497940123,1978,631.6265780396329,112.66655074623142,2011
62,Untitled Placemark,573448.326472012,4923843.884072034,1978,678.0429784423649,41.019813648767325,2011
63,Untitled Placemark,573428.3211157352,4923817.318341382,1978,646.7630808287183,30.238064239359364,2011
64,Untitled Placemark,573373.9853798274,4923797.942016826,1978,591.1671751080328,44.48535461544807,2011
65,Untitled Placemark,573278.2101664371,4923771.511179836,1978,497.46727222706807,75.96833087509292,2011
66,Untitled Placemark,573311.3940531474,4923781.387314606,1978,530.3318189549857,65.65280046814112,2011
67,Untitled Placemark,573260.1845433168,4923757.579155023,1978,474.8488401411595,74.50547831974411,2011
68,Untitled Placemark,573190.9152157851,4923794.6049922425,1978,438.31422138898483,143.58141419390424,2011
69,Untitled Placemark,573195.2861388539,4923754.12182467,1978,419.3971376027901,107.75915854174123,2011
70,Untitled Placemark,573225.1530878589,4923736.754017831,1978,434.369097623015,76.81812912140622,2011
71,Untitled Placemark,573082.769657889,4923698.186268836,1978,295.4744970095325,124.22037650193765,2011
72,Untitled Placemark,573145.2538995545,4923770.107016704,1978,387.0236288808305,148.77847383225742,2011
73,Untitled Placemark,573152.4023628193,4923731.95668584,1978,371.6953029310073,113.33509979632493,2011
74,Untitled Placemark,573048.7131842994,4923684.9626652775,1978,260.0279238855969,132.26036251889786,2011
75,Untitled Placemark,573063.9749920595,4923646.875388906,1978,251.4265717760095,92.35525390495134,2011
76,Untitled Placemark,573092.6561240449,4923768.888365456,1978,342.96295377111744,177.03534155195106,2011
77,Untitled Placemark,572909.9014751517,4923917.563952624,1978,274.9402574504944,401.3360179848047,2011
78,Untitled Placemark,572909.995525162,4923881.4414562555,1978,254.92160105016043,371.4898246901003,2011
79,Untitled Placemark,572812.5089443871,4923625.275637551,1978,32.00042293799967,214.43926042633422,2011
80,Untitled Placemark,572827.4950079131,4923565.2721338235,1978,10.97886028364308,156.61103261916034,2011
81,Untitled Placemark,572892.6702291673,4923581.072813278,1978,73.52592550895899,133.38415564784015,2011
82,Untitled Placemark,572897.4069993846,4923529.484655814,1978,48.7324921289171,88.19895982137729,2011
83,Untitled Placemark,572952.671235003,4923544.102865073,1978,102.4471166105599,69.51061394908847,2011
84,Untitled Placemark,573004.4551053478,4923562.726560433,1978,155.51952676905148,56.06224782043107,2011
85,Untitled Placemark,573041.8608667748,4923576.016288483,1978,193.7653831444632,46.21347345088423,2011
86,Untitled Placemark,572845.6246568166,4923650.462493595,1978,73.32663801672493,216.78995550459848,2011
87,Untitled Placemark,574218.8920063637,4924496.329915737,1978,1676.5849945123175,150.4647748201518,2011
88,Untitled Placemark,574532.8486054831,4924587.069309728,1978,1986.018251822642,50.64149698944219,2011
89,Untitled Placemark,574550.015942528,4924658.531734574,1978,2039.9349755560286,100.03297417352177,2011
90,Untitled Placemark,574404.6895094925,4924543.157819633,1978,1855.8829824760915,85.72271885422334,2011
91,Untitled Placemark,574327.5228413658,4924520.088555013,1978,1779.4015879390447,109.62572796234419,2011
92,Untitled Placemark,574254.5190894015,4924434.861392765,1978,1671.7731224194126,79.94486475000804,2011
93,Untitled Placemark,574553.7471871423,4924705.779263441,1978,2069.2979897526225,136.92695763548824,2011
94,Untitled Placemark,574541.9391244198,4924760.667299479,1978,2090.0948540038567,188.76790791619888,2011
95,Untitled Placemark,574530.5702800049,4924818.070431232,1978,2112.653223101767,242.43895881540485,2011
96,Untitled Placemark,574025.65918791,4924419.218864277,1978,1474.3067596778824,194.36579164819918,2011
97,Untitled Placemark,573521.1826872805,4924107.01917314,1978,884.5262668392571,217.5213967542752,2011
98,Untitled Placemark,573521.4207749565,4924150.340552853,1978,908.8238654607431,253.1204559896996,2011
99,Untitled Placemark,573503.8513999397,4923884.944005323,1978,746.6830933146526,43.99559492264524,2011
100,Untitled Placemark,572985.1276137673,4923665.988130389,1978,197.026275499406,151.9850612481873,2011
101,Untitled Placemark,572979.476876778,4923617.126047166,1978,165.1818281484053,114.82727364238403,2011
102,Untitled Placemark,573516.329010261,4924444.2265316965,1978,1068.123391143801,498.35062520880365,2011
103,Untitled Placemark,573346.301057837,4924518.4956834605,1978,969.2027410981127,654.2004880798105,2011
104,Untitled Placemark,573417.1097548576,4924691.733735024,1978,1123.9843098262286,757.6940049976835,2011
105,Untitled Placemark,573226.5681675487,4924613.954493118,1978,923.5540669419479,799.5466701367686,2011
106,Untitled Placemark,573091.0073888235,4924419.254634712,1978,703.4249524702519,714.3753192718888,2011
107,Untitled Placemark,573361.3244729262,4924970.942683717,1978,1233.3064198158588,1019.0211514289336,2011
108,Untitled Placemark,573385.0080803607,4925069.059967925,1978,1307.4268155511625,1086.7723495055893,2011
109,Untitled Placemark,573535.21987927,4925229.251775732,1978,1520.4420502739354,1135.3305434769584,2011
110,Untitled Placemark,573461.2079276085,4925399.890397855,1978,1554.329252934954,1317.2489239364938,2011
111,Untitled Placemark,573169.3696731061,4925187.475497227,1978,1195.4468175577804,1304.4089047977259,2011
112,Untitled Placemark,573178.129496309,4925148.00465685,1978,1180.7128964546664,1266.9799164189374,2011
113,Untitled Placemark,573565.8817273041,4925363.010082839,1978,1620.146473734608,1228.5962483683509,2011
114,Untitled Placemark,573421.289878875,4925269.258618764,1978,1448.7297048757132,1231.7115358962797,2011
115,Untitled Placemark,573346.8936914753,4925301.091202033,1978,1405.077255346725,1299.3563253034274,2011
116,Untitled Placemark,573300.0406358138,4925453.0033867555,1978,1450.9469588084444,1450.719662704212,2011
117,Untitled Placemark,573279.4891278738,4925311.626508767,1978,1355.3430717992808,1345.5454115508662,2011
118,Untitled Placemark,573521.2005384393,4925631.661352186,1978,1732.7536380600598,1475.03780892678,2011
119,Untitled Placemark,573540.8013178314,4925641.217639218,1978,1754.23688207034,1472.015233296615,2011
120,Untitled Placemark,573596.9843029513,4925683.2542806,1978,1823.963140586385,1475.4305037388126,2011
121,Untitled Placemark,573288.3923937038,4924847.820300045,1978,1104.6546111315702,958.0443988517363,2011
122,Untitled Placemark,573292.3752731602,4924831.350344655,1978,1098.776872242335,942.2441462824745,2011
123,Untitled Placemark,573297.5787317225,4924771.265315138,1978,1069.6412518603695,889.7910868530913,2011
124,Untitled Placemark,573306.2583355219,4924734.271843157,1978,1056.219413828504,854.4500632285141,2011
125,Untitled Placemark,572965.5658595538,4924815.462093585,1978,820.3849529960586,1110.9551968024543,2011
126,Untitled Placemark,573316.0930292457,4924710.399623618,1978,1051.05011429765,829.2888437150211,2011
127,1,572977.3485975593,4924503.651451226,1978,656.6320210053569,847.2183214580333,2011
128,2,572972.0097123447,4924539.441565562,1978,672.1398163167369,879.7082540168656,2011
129,Untitled Placemark,572964.0115300658,4924594.87484809,1978,696.382413648313,929.8793521921367,2011
130,Untitled Placemark,572947.8228366674,4924666.53142477,1978,722.8950647891048,997.9881115906852,2011
131,Untitled Placemark,572940.9123472561,4924702.638798116,1978,737.2831019056975,1031.6140589752672,2011
132,Untitled Placemark,572931.9818791334,4924745.270018654,1978,753.6345067540475,1071.7446678024273,2011
133,Untitled Placemark,573020.6250000764,4924761.496661462,1978,835.7748968901545,1035.813098900193,2011
134,Untitled Placemark,573003.1210768878,4924684.166108116,1978,778.3159080741092,981.7688384927088,2011
135,Untitled Placemark,573030.528288836,4924735.756989399,1978,829.6232443809314,1009.073440881743,2011
136,Untitled Placemark,573149.4499757378,4924730.944468849,1978,925.0325904449996,938.9437070077803,2011
137,Untitled Placemark,573199.1224002825,4924787.631253139,1978,997.5393276385697,958.0644857937093,2011
138,Untitled Placemark,573163.5355903364,4924637.302366911,1978,884.5539885566924,853.8712826234017,2011
139,Untitled Placemark,573097.982923812,4924694.202548585,1978,862.1416797800485,937.2718863678986,2011
140,Untitled Placemark,573109.2540486124,4924618.902184631,1978,829.5458449022102,868.8935459407063,2011
141,Untitled Placemark,573057.1024297838,4925026.606261652,1978,1013.3514118196855,1234.1820624884656,2011
142,Untitled Placemark,572763.505066452,4924482.232511219,1978,468.3375519870165,948.5207178503456,2011
143,Untitled Placemark,572707.7996788048,4924565.449451821,1978,468.68823694255786,1048.1490184789163,2011
144,Untitled Placemark,572490.6622567751,4924531.238644771,1978,270.56039310071986,1140.7331791899849,2011
145,Untitled Placemark,572830.1577540047,4924670.778070494,1978,628.2073508329165,1066.952017748479,2011
146,Untitled Placemark,572611.6310913989,4924469.060889714,1978,335.74390920689683,1022.14964337281,2011
147,Untitled Placemark,572674.8582804562,4924422.674794779,1978,362.087522164562,948.7148143250083,2011
148,Untitled Placemark,572620.41883198,4924650.764150664,1978,444.08003003030245,1167.1297361845486,2011
149,Untitled Placemark,572800.7972763279,4924621.881998817,1978,576.7881774536521,1042.9567680954578,2011
150,Untitled Placemark,572791.2320477957,4924707.52257471,1978,616.5436647344726,1118.9146745856015,2011
151,Untitled Placemark,572816.337221193,4924713.9842940755,1978,640.845320233219,1110.2774064778432,2011
152,Untitled Placemark,572767.868393542,4924703.025233305,1978,594.7712692056775,1128.2032945216824,2011
153,Untitled Placemark,572624.7657856883,4924407.220492472,1978,312.1734062495433,963.836326543981,2011
154,Untitled Placemark,572759.2848209947,4924374.533708569,1978,404.9400166819251,862.0385138780863,2011
155,Untitled Placemark,572727.8759398166,4924298.267875703,1978,336.60454692766154,816.6082584246822,2011
156,Untitled Placemark,572831.7843816796,4924326.491999241,1978,438.0104135768621,782.079582494859,2011
157,Untitled Placemark,572704.3189317485,4924531.1088026175,1978,446.7123893905757,1021.7612811463629,2011
158,Untitled Placemark,572922.996209992,4924471.860285579,1978,594.1155635141329,851.235102808702,2011
159,Untitled Placemark,573076.2395823876,4924553.62872731,1978,766.0015363606217,833.4230565076549,2011
160,Untitled Placemark,573083.914064909,4924524.318518773,1978,756.0251459321953,804.9783807004593,2011
161,Untitled Placemark,573014.5512033298,4924566.332835428,1978,722.1886486657597,878.2208555528405,2011
162,Untitled Placemark,573007.6098400678,4924616.5217069015,1978,744.385259027565,923.4784124286391,2011
163,Untitled Placemark,573003.7430612184,4924643.726652039,1978,756.3310142514911,948.0683040256737,2011
164,Untitled Placemark,573089.8705649364,4924483.7276986735,1978,738.3559566269792,768.1852203086524,2011
165,Untitled Placemark,573283.959783034,4924862.529151135,1978,1109.181646348782,972.6422923537332,2011
166,Untitled Placemark,573231.774530172,4924905.606639028,1978,1090.1047373171027,1037.20515745053,2011
167,Untitled Placemark,573039.8697805565,4924709.706387865,1978,822.8352400120932,982.3898756008414,2011
168,Untitled Placemark,573203.5672194249,4924700.289367322,1978,952.6140225468237,883.5520030144901,2011
169,Untitled Placemark,573323.0056342541,4924654.4250655,1978,1025.6110009294146,779.2752461388005,2011
170,Untitled Placemark,573075.8652027093,4924916.836394001,1978,967.7580852085999,1133.205371892929,2011
171,Untitled Placemark,573034.6055154975,4924904.768421673,1978,927.0132132628465,1146.2059274899907,2011
172,Untitled Placemark,573041.2848749548,4924881.770407282,1978,919.7277423807626,1123.521177856326,2011
173,Untitled Placemark,573046.7632986393,4924852.912297582,1978,908.1915591567903,1096.6711392120892,2011
174,Untitled Placemark,572933.5571947822,4924912.825708829,1978,848.1510159299636,1209.0683589627683,2011
175,Untitled Placemark,572905.6489013861,4924828.932329103,1978,778.4593588737738,1155.3993940500905,2011
176,Untitled Placemark,572901.2290470449,4924843.915257226,1978,783.149394320264,1170.2162497545617,2011
177,Untitled Placemark,573062.8913312152,4924970.802683114,1978,987.0805886740966,1184.9346452850916,2011
178,Untitled Placemark,573069.3588720531,4924942.785157734,1978,976.8278771754065,1158.2276403628748,2011
179,Untitled Placemark,573217.3989638541,4924961.254482066,1978,1109.2066297672209,1091.1011908090466,2011
180,Untitled Placemark,573211.0088122365,4924991.0755442735,1978,1120.5265436249015,1119.2527002751556,2011
181,Untitled Placemark,573191.5333953324,4925068.187261919,1978,1147.3631908978334,1193.6893863503685,2011
182,Untitled Placemark,573190.1456468909,4925096.128925919,1978,1161.763515693641,1217.5077516281399,2011
183,Untitled Placemark,573181.8697208352,4925047.372061415,1978,1127.81234677649,1181.8972345303662,2011
184,Untitled Placemark,573172.2772148107,4924964.620552736,1978,1073.862832312183,1118.9803622923575,2011
185,Untitled Placemark,573000.6360313093,4925050.0812181905,1978,979.837824655326,1284.9584942769552,2011
186,Untitled Placemark,573010.1109857195,4924996.268656299,1978,957.7149349149568,1235.302587211989,2011
187,Untitled Placemark,572974.3889306512,4924946.592105394,1978,900.6145180101065,1214.2027692028703,2011
188,Untitled Placemark,572964.2913350277,4924989.370383942,1978,916.0850885659179,1255.1039861400832,2011
189,Untitled Placemark,572984.367540566,4924894.518028893,1978,879.8742250447949,1165.7005651050529,2011
190,Untitled Placemark,572995.3019380419,4924849.164405807,1978,863.661093741758,1122.2096588825764,2011
191,Untitled Placemark,572784.197981108,4924660.848755437,1978,584.7756547422588,1084.3313646921526,2011
192,Untitled Placemark,572806.1238703892,4924591.901309024,1978,564.5022337938252,1015.26529252122,2011
193,Untitled Placemark,572735.07031191,4924606.126432933,1978,513.8111322164059,1066.5278091202106,2011
194,Untitled Placemark,572742.8885831094,4924572.66298057,1978,501.6427416346743,1034.577539037172,2011
195,Untitled Placemark,572749.1879196722,4924548.492628323,1978,493.39161427401655,1011.1372642528554,2011
196,Untitled Placemark,572731.2485886727,4924649.890306678,1978,535.0063700321193,1104.7504550038268,2011
197,Untitled Placemark,572599.1723509749,4924502.293975427,1978,343.9566751281025,1056.491564825627,2011
198,Untitled Placemark,573755.146475309,4924165.214353508,1978,1109.8758731843545,135.35846473820604,2011
199,Untitled Placemark,573786.7026959616,4924175.9312898945,1978,1141.8656872044292,126.64195681043914,2011
200,Untitled Placemark,573817.1660663118,4924193.720617684,1978,1176.888740010267,124.36675562556235,2011
201,Untitled Placemark,573806.1988400371,4924237.669496946,1978,1192.2932851587007,166.71729161230041,2011
202,Untitled Placemark,573826.8270206477,4924303.723313654,1978,1246.055515019945,209.72235326119406,2011
203,Untitled Placemark,573789.4271007762,4924294.942383933,1978,1210.3228815698685,223.28673898625743,2011
204,Untitled Placemark,573869.6839726516,4924259.095649693,1978,1256.5760144267017,149.07056684728914,2011
205,Untitled Placemark,573885.9925489286,4924325.5098239565,1978,1306.9759101765178,194.77600121576134,2011
206,Untitled Placemark,573970.7915790075,4924247.162984717,1978,1333.331100155944,82.97873729136828,2011
207,Untitled Placemark,573905.4554478367,4924218.791290147,1978,1263.6576136485653,95.92654874861077,2011
208,Untitled Placemark,573857.7433232651,4924146.484140514,1978,1184.0775691999484,62.83149295815848,2011
209,Untitled Placemark,573921.1883668865,4924162.012519414,1978,1245.0460917611535,40.34258155312613,2011
210,Untitled Placemark,573825.2391211886,4924129.857465765,1978,1148.0180616333867,67.20103873869743,2011
211,Untitled Placemark,573768.2565084038,4924113.304127212,1978,1091.8095367797534,85.24928240599198,2011
212,Untitled Placemark,573911.09823036,4924381.604333597,1978,1358.8904704538438,227.07562387776827,2011
213,Untitled Placemark,573915.346726382,4924338.170283306,1978,1338.2307277567986,188.8875878252288,2011
214,Untitled Placemark,573850.1392241637,4924364.960549275,1978,1299.3518942735627,247.2614768097318,2011
215,Untitled Placemark,573816.3977245359,4924353.1223959215,1978,1264.9358871816794,256.2689522824349,2011
216,Untitled Placemark,573785.0957738974,4924346.638204605,1978,1235.5106218780163,268.3351729879771,2011
217,Untitled Placemark,573961.4321491115,4924282.954578838,1978,1345.5235695842107,117.70666232185172,2011
218,Untitled Placemark,574003.5253815191,4924254.197098824,1978,1364.243299868321,70.56950333429288,2011
219,Untitled Placemark,574027.608227811,4924263.325214495,1978,1389.185150041002,64.7002383909522,2011
220,Untitled Placemark,574055.0357336544,4924323.504457255,1978,1445.2872355909744,99.0772394143085,2011
221,Untitled Placemark,574064.4897552803,4924271.191038829,1978,1423.981107276532,50.66947298119845,2011
222,Untitled Placemark,574090.66356903,4924332.099722947,1978,1479.4549605355905,86.34559142409657,2011
223,Untitled Placemark,573858.3759559564,4924316.845204716,1978,1279.377281867232,202.9935073709046,2011
224,Untitled Placemark,573948.1099442458,4924395.047645018,1978,1396.89675992626,217.5727478781117,2011
225,U,574012.8724979613,4924366.201644148,1978,1434.264921043833,157.75082742978685,2011
226,Untitled Placemark,573978.0221876665,4924351.752674771,1978,1397.4818760695002,165.2217701160857,2011
227,Untitled Placemark,573838.3693343992,4924090.411834321,1978,1136.9028670595305,27.36143937632177,2011
228,Untitled Placemark,573769.4110132775,4924075.700663857,1978,1071.8416299909934,53.591617367925075,2011
229,Untitled Placemark,573597.7454761249,4924077.027265893,1978,930.9897648449377,150.18944130064568,2011
230,Untitled Placemark,573703.952966284,4924062.849557793,1978,1010.7022423613085,79.40865133694811,2011
231,Untitled Placemark,573579.0966755231,4924157.1182263205,1978,960.165664719524,226.62353366666213,2011
232,Untitled Placemark,573565.7780642875,4924191.653345466,1978,968.3935758518863,262.5177502559178,2011
233,Untitled Placemark,573601.9414276745,4924039.751804881,1978,913.7129255789895,117.1102479975274,2011
234,Untitled Placemark,574055.9463676705,4925225.074185992,1978,1947.6136196885675,842.1862052984716,2011
235,Untitled Placemark,574065.5373683972,4925192.309274816,1978,1937.2960014313655,809.825860202364,2011
236,Untitled Placemark,574076.3456532764,4925169.27433983,1978,1933.3955319897864,784.8135904244599,2011
237,Untitled Placemark,574092.6349645426,4925108.57520357,1978,1913.061884223083,725.6865611818157,2011
238,Untitled Placemark,574162.1265451198,4925379.66465803,1978,2121.195308233692,910.6207685211396,2011
239,Untitled Placemark,574171.2075513126,4925327.49964425,1978,2099.6640792098187,862.5429281300128,2011
240,Untitled Placemark,574098.5018930058,4925297.549775213,1978,2023.0342050326997,878.2889897045394,2011
241,Untitled Placemark,574106.1771785894,4925268.682087348,1978,2013.3046669531486,850.2088586037778,2011
242,Untitled Placemark,574113.8255223269,4925235.191779672,1978,2000.981179471063,818.3309749206601,2011
243,Untitled Placemark,574027.4374318273,4925374.183015745,1978,2007.0539648797278,981.0318467937406,2011
244,Untitled Placemark,574045.6833254291,4925580.7041962575,1978,2136.998270427106,1141.2198768791197,2011
245,Untitled Placemark,573265.2180812366,4924992.6615024675,1978,1166.120726035996,1090.4022565596956,2011
246,Untitled Placemark,573271.3693700625,4924955.32785626,1978,1150.4242803537832,1056.18724840974,2011
247,Untitled Placemark,573334.4873210889,4925093.600219671,1978,1279.4098589465648,1135.1196673460215,2011
248,Untitled Placemark,572669.7463620643,4924441.077868564,1978,368.1094911363634,966.7376293140851,2011
249,Untitled Placemark,572706.4380530065,4924502.979233016,1978,432.8107630346551,997.3810424477844,2011
250,Untitled Placemark,572766.737479587,4924512.160654376,1978,487.65373949598825,971.4071729191047,2011
251,Untitled Placemark,572671.3148856872,4924385.959207524,1978,338.73874024752024,920.4030789405588,2011
252,Untitled Placemark,572783.82385958,4924387.516152993,1978,432.40243481203555,859.0945070260935,2011
253,Untitled Placemark,572287.5850046324,4924390.647400392,1978,24.846171702256246,1137.7524799670991,2011
254,Untitled Placemark,572410.1291719305,4924285.611924306,1978,67.48574985487417,982.943440834555,2011
255,Untitled Placemark,572360.6782715461,4924357.347396679,1978,66.60759299268766,1069.6222217461852,2011
256,Untitled Placemark,572531.290223867,4924338.471939987,1978,196.8274086168454,959.1362322237288,2011
257,Untitled Placemark,572944.2620180806,4924900.11661028,1978,849.909841186112,1192.63040841808,2011
258,Untitled Placemark,572724.2396747677,4924360.687060275,1978,368.3313634745861,870.1146457323648,2011
259,Untitled Placemark,572740.093646065,4924365.925723132,1978,384.3221887189159,865.6153720559872,2011
260,Untitled Placemark,572644.4391966499,4924277.436078539,1978,256.19637112683915,845.8449985098379,2011
261,Untitled Placemark,572663.4758965212,4924285.514491472,1978,276.39216790141,841.9172883857353,2011
262,Untitled Placemark,572682.6037903106,4924286.044542713,1978,292.463759542341,831.71294782064,2011
263,Untitled Placemark,572710.2273676436,4924283.928353465,1978,314.0704015226312,814.5995347520208,2011
264,Untitled Placemark,572624.23015265,4924328.122335468,1978,267.72649880004025,898.8940818716919,2011
265,Untitled Placemark,572555.7547160807,4924232.468841163,1978,158.03245300086107,858.0943070546873,2011
266,Untitled Placemark,572547.8817036327,4924257.4232523525,1978,165.42181083352372,883.0567662535909,2011
267,Untitled Placemark,572538.6761276104,4924276.925700755,1978,168.67894821789656,904.2637937656685,2011
268,Untitled Placemark,572537.5179366336,4924307.779529382,1978,184.8887529462657,930.3564042644366,2011
269,Untitled Placemark,572475.8028998727,4924296.43590059,1978,127.6752669756329,955.3344372838291,2011
270,Untitled Placemark,572460.6079202396,4924176.9486329025,1978,48.66741811259525,865.2347307409964,2011
271,Untitled Placemark,572409.4530939022,4924227.674080813,1978,34.69523792967929,935.532377746587,2011
272,Untitled Placemark,572483.7087325914,4924188.418591645,1978,74.10213629866706,861.8433606209111,2011
273,Untitled Placemark,572500.8958077854,4924195.94885692,1978,92.46740682155831,858.4925497435199,2011
274,Untitled Placemark,572631.0819993975,4924972.228707604,1978,631.717182409047,1426.3417144363557,2011
275,Untitled Placemark,572584.1121320018,4924994.350675338,1978,605.2836274875292,1470.7189418952025,2011
276,Untitled Placemark,572568.1980683798,4925003.332366542,1978,597.1545265549488,1486.980608846643,2011
277,Untitled Placemark,572408.4244148866,4924917.1319638565,1978,417.4167141034142,1504.770197003471,2011
278,Untitled Placemark,573031.0201946399,4924947.538134276,1978,947.8503488026395,1183.477069254139,2011
279,Untitled Placemark,573090.9323676977,4924861.532661489,1978,949.4180649304147,1079.2084003020964,2011
280,No Name,573125.4519079409,4924876.194795844,1978,986.0468817018517,1072.0972954346028,2011
281,Untitled Placemark,573135.9044276627,4924910.835099718,1978,1013.9397626352705,1094.8535432377332,2011
282,Untitled Placemark,573176.2480329206,4924923.398225162,1978,1054.2045205821428,1082.7710393693924,2011
283,Untitled Placemark,573278.5116488506,4924927.403863567,1978,1140.7801289278432,1029.1820086285718,2011
284,Untitled Placemark,573312.6644969158,4924980.298364846,1978,1198.37652257537,1053.80900086095,2011
285,Untitled Placemark,573342.4441029313,4925054.540532238,1978,1264.2423275527565,1098.4765587711222,2011
286,Untitled Placemark,573398.2195272928,4925026.220860107,1978,1294.49071107944,1044.08861434206,2011
287,Untitled Placemark,573307.3474244514,4925009.662192327,1978,1210.3271372225058,1080.9863906002008,2011
288,Untitled Placemark,573305.9539825141,4925026.516807461,1978,1218.5546465718842,1095.663314747785,2011
289,Untitled Placemark,573270.5443122507,4925172.826763008,1978,1270.7461461156558,1236.0395659807216,2011
290,Untitled Placemark,573276.9031137784,4925154.735867135,1978,1265.9262832309264,1217.5805502184817,2011
291,Untitled Placemark,573282.0238380558,4925131.706709238,1978,1257.3379223057625,1195.737237553411,2011
292,Untitled Placemark,573296.1103456932,4925041.517445522,1978,1218.780993653593,1113.5122206441479,2011
293,Untitled Placemark,573253.5036920395,4925013.869310273,1978,1168.2573439521595,1114.411608117549,2011
294,Untitled Placemark,573237.1156466664,4925077.728524112,1978,1190.267619234931,1176.2000016968607,2011
295,Untitled Placemark,573232.0533623232,4925095.8801627895,1978,1196.1906441288684,1193.9878195802576,2011
296,Untitled Placemark,573208.2935995974,4925038.848279349,1978,1144.8647045310965,1160.1662676761457,2011
297,Untitled Placemark,573161.5346167317,4925019.741427747,1978,1095.6680294296361,1170.4206025226579,2011
298,Untitled Placemark,573160.335757066,4925055.522226254,1978,1114.5853390903542,1200.599607980579,2011
299,Untitled Placemark,573090.1440009789,4925129.442133097,1978,1097.815382945842,1300.618987950821,2011
300,Untitled Placemark,573089.9536520964,4925112.309054857,1978,1088.1266424715473,1286.5935063036534,2011
301,Untitled Placemark,573108.6913580513,4925043.497118825,1978,1065.2989940756763,1219.4129029555168,2011
302,Untitled Placemark,573109.9327791082,4924995.670611149,1978,1039.7153328377508,1179.274906513688,2011
303,Untitled Placemark,573174.8799498877,4924937.828441995,1978,1061.104167014365,1095.4342093940395,2011
304,Untitled Placemark,573284.781700555,4925392.904972603,1978,1404.9264898696808,1409.639520766653,2011
305,Untitled Placemark,573027.2451442492,4925145.228340658,1978,1054.7187735904579,1348.6323373600596,2011
306,Untitled Placemark,572936.4505784998,4925076.391316903,1978,941.5348443971493,1342.3677384223229,2011
307,Untitled Placemark,572911.5890262556,4925010.0574874645,1978,884.1251444825571,1301.4868971451685,2011
308,Untitled Placemark,572869.692867083,4924975.9306996,1978,830.5832065402293,1296.6474123386652,2011
309,Untitled Placemark,572871.4050101344,4924946.198085078,1978,815.4540732859848,1271.171397084667,2011
310,Untitled Placemark,572911.4567072678,4924813.50910607,1978,774.6691554876451,1139.447215891394,2011
311,Untitled Placemark,572882.1272693424,4924746.535087533,1978,713.2181791883153,1100.5239896716964,2011
312,Untitled Placemark,573032.2609342238,4924778.084136365,1978,854.6004286240754,1043.0209803967007,2011
313,Untitled Placemark,573208.99338714,4924679.838067693,1978,945.7117458659109,863.664981298137,2011
314,Untitled Placemark,573274.9811982093,4924615.718623386,1978,964.4666298250977,774.0678363730732,2011
315,Untitled Placemark,573174.8291829628,4925171.378699336,1978,1190.9946056336207,1288.0949309065793,2011
316,Untitled Placemark,572973.4223182629,4924778.889190641,1978,806.5181616050838,1076.4190038040774,2011
317,Untitled Placemark,572984.0496430416,4924742.507028511,1978,795.0428991230527,1040.498602710052,2011
318,Untitled Placemark,573085.1664413806,4924502.851719706,1978,745.1153637586766,786.5758025198335,2011
319,Untitled Placemark,573155.4227994654,4924453.990221119,1978,775.8794870701853,707.1886815183389,2011
320,Untitled Placemark,573394.8352459021,4924579.710372786,1978,1043.2896942881353,677.6891287367797,2011
321,Untitled Placemark,573084.7066042052,4924895.842120304,1978,963.3706208746243,1110.9704886714073,2011
322,Untitled Placemark,573172.184470981,4924546.669953786,1978,841.2655601318464,774.3059008642184,2011
323,Untitled Placemark,573436.941040689,4925209.188138963,1978,1428.2194547617232,1173.458048336309,2011
324,Untitled Placemark,573446.7714437299,4925152.158963958,1978,1404.6002231648038,1120.9513269550039,2011
325,Untitled Placemark,573505.2756410303,4925180.034990882,1978,1468.3629664772036,1111.3955360421758,2011
326,Untitled Placemark,573540.9944041646,4925156.7563838465,1978,1484.8731201620294,1072.3237006639538,2011
327,Untitled Placemark,573564.5379676167,4925148.2614397695,1978,1499.5658346625503,1052.218941217635,2011
328,Untitled Placemark,573550.6871205962,4925169.106693749,1978,1499.7385985177316,1077.1178454711212,2011
329,Untitled Placemark,573491.45469485,4925495.498009858,1978,1632.4667293544776,1379.2788228209552,2011
330,Untitled Placemark,573491.8318049166,4925460.275884211,1978,1613.1824494042826,1350.01777979553,2011
331,Untitled Placemark,573445.5606470786,4925455.036981524,1978,1572.1033658654699,1371.4390179097036,2011
332,Untitled Placemark,572988.313785428,4924878.783782453,1978,874.3755709516805,1150.5275071172257,2011
333,Untitled Placemark,572180.518839445,4924689.017924448,1978,102.53202519772412,1443.4134907529608,2011
334,Untitled Placemark,572189.3652052653,4924673.3735778835,1978,101.1250101055812,1425.5884707731489,2011
335,Untitled Placemark,572293.2633431781,4924639.239589136,1978,167.83034325615066,1339.632495992477,2011
336,Untitled Placemark,572224.0216792801,4924810.452231305,1978,205.97143163547543,1519.3704480669603,2011
337,Untitled Placemark,572485.8714851473,4924276.640165121,1978,124.96677443498402,933.4053835871478,2011
338,Untitled Placemark,572581.8407731395,4924334.12365723,1978,236.10244624708162,927.4266966924341,2011
339,Untitled Placemark,572502.7751176981,4924455.4036973845,1978,238.36141522184923,1071.4456261006926,2011
340,Untitled Placemark,572498.5094518159,4924471.856550679,1978,243.99639708944508,1087.3890969866682,2011
341,Untitled Placemark,572450.9007726503,4924444.469462943,1978,189.49230192223237,1091.2866013240962,2011
342,Untitled Placemark,572436.2660479713,4924526.918730111,1978,223.29102538021453,1167.432654227324,2011
343,Untitled Placemark,573154.5884429207,4925222.543825614,1978,1202.7650024238567,1341.556619805396,2011
344,Untitled Placemark,573188.7025280964,4925128.451550782,1978,1178.555455246817,1244.970342157433,2011
345,Untitled Placemark,573272.7179511964,4925187.702110804,1978,1280.8146504399233,1247.0994946036135,2011
346,Untitled Placemark,573343.2057104992,4925172.376852432,1978,1330.4270363969001,1195.2443602334095,2011
347,Untitled Placemark,573369.794775449,4925108.1971395295,1978,1316.6522669007443,1127.5164288643196,2011
348,Untitled Placemark,573398.8316795495,4925120.460827427,1978,1347.4246590480132,1121.477268441989,2011
349,Untitled Placemark,573368.8433225587,4925064.04020677,1978,1291.3014360964396,1091.6250750991298,2011
350,Untitled Placemark,573090.3111707318,4924744.289955085,1978,883.6794153419901,982.8520966583438,2011
351,Untitled Placemark,573095.1905279573,4924724.021115515,1978,876.4276378583353,963.4197782907306,2011
352,Untitled Placemark,573138.0685742085,4925128.240320144,1978,1136.675006010506,1272.96558758579,2011
353,Untitled Placemark,573045.5135950043,4925058.216444656,1978,1021.3787982844027,1266.701452781937,2011
354,Untitled Placemark,572763.9264379283,4925097.366436185,1978,810.9059710000334,1455.6493499839912,2011
355,Untitled Placemark,572267.9081084579,4924422.263491933,1978,26.20580443733272,1174.7764197243705,2011
356,Untitled Placemark,572277.713739871,4924407.005121838,1978,25.804724965406002,1156.7360799568953,2011
357,Untitled Placemark,572300.50640469,4924367.716037341,1978,22.746222452835095,1111.650035323547,2011
358,Untitled Placemark,572319.0206365135,4924327.027516572,1978,15.38030811835518,1067.7899786796224,2011
359,Untitled Placemark,572336.2990042338,4924300.991109095,1978,15.14654340625214,1036.702554383379,2011
360,Untitled Placemark,572367.2012467273,4924295.402518805,1978,37.525611432307294,1014.90106358804,2011
361,Untitled Placemark,572413.4071015383,4924863.1739609055,1978,391.50768354002486,1457.4935382727303,2011
362,Untitled Placemark,572730.2812372075,4925026.525527818,1978,743.744061087531,1415.9377215682912,2011
363,Untitled Placemark,573017.7945875827,4925024.382478154,1978,979.6930957480217,1254.2162337799002,2011
364,Untitled Placemark,572960.9881340637,4925003.514972313,1978,921.2297425900209,1268.6081444351814,2011
365,Untitled Placemark,573243.4344218494,4925060.635668082,1978,1185.96998762866,1158.586438240316,2011
366,Untitled Placemark,573466.1300142597,4925323.998070062,1978,1516.1673947242057,1251.914526803164,2011
367,Untitled Placemark,573535.2413668163,4925286.1803909065,1978,1552.131185743848,1182.2733660292206,2011
368,Untitled Placemark,573201.3677736792,4925397.793485243,1978,1338.8462557080784,1460.0777037327225,2011
369,Untitled Placemark,573611.9098196311,4925706.623253734,1978,1849.2747117322394,1486.4016598205476,2011
370,Untitled Placemark,573503.0462252202,4925555.82617824,1978,1675.5901396409213,1422.5887739902212,2011
371,Untitled Placemark,572874.029238974,4924962.409056684,1978,826.6372795993748,1283.082270340366,2011
372,Untitled Placemark,572829.8606303585,4924990.134872273,1978,805.6318254151788,1330.5231170795614,2011
373,Untitled Placemark,572944.2835820243,4924884.13747869,1978,841.0378681612998,1179.4388084439327,2011
374,Untitled Placemark,572954.9362396832,4924845.675493346,1978,828.4264206687145,1141.7888735705076,2011
375,Untitled Placemark,572957.0239695496,4924829.295029722,1978,821.0353480167845,1127.1167729894698,2011
376,Untitled Placemark,572867.5499363041,4924796.629840525,1978,729.0642728383223,1149.9520789899316,2011
377,Untitled Placemark,573294.1469388828,4924540.497363211,1978,938.4262899969094,701.3626853434922,2011
378,Untitled Placemark,573055.1087652259,4924479.856746219,1978,707.530842146932,784.3316799957609,2011
379,Untitled Placemark,574114.9510818118,4925456.166675459,1997,2124.8457325444356,999.9650938622739,2011
380,Untitled Placemark,573126.3628281564,4923657.999029851,1997,309.0725962293635,66.82147250704975,2011
381,Untitled Placemark,573138.3246910705,4923604.913483257,1997,289.4053754841561,16.38165274861306,2011
382,Untitled Placemark,573013.4804766857,4923625.916516398,1997,198.11848077774022,103.16024965546384,2011
383,Untitled Placemark,572877.6346011901,4923644.217187596,1997,96.25398532787743,193.83055102056187,2011
384,Untitled Placemark,572940.9118486358,4923820.42917644,1997,246.47811420229905,303.9669874366713,2011
385,Untitled Placemark,573160.9393332452,4925359.074898545,1997,1283.9603126638417,1450.634354694692,2011
386,Untitled Placemark,572858.4230586116,4925157.895935008,1997,922.5215872169973,1453.0023095516374,2011
387,Untitled Placemark,573095.0256226114,4925054.38202385,1997,1060.0831419125534,1235.9935176077277,2011
388,Untitled Placemark,573099.826424678,4925032.449105719,1997,1051.8407859935146,1215.2323686612344,2011
389,Untitled Placemark,573127.639707917,4925148.944984246,1997,1139.5920077322583,1295.844763635816,2011
390,Untitled Placemark,573097.0272086003,4925078.391722116,1997,1075.091500697963,1254.6831865060435,2011
391,Untitled Placemark,572998.9353681919,4925117.208295355,1997,1015.7802955686067,1341.2711117783645,2011
392,Untitled Placemark,572874.9681552572,4924996.570948093,1997,846.4171733560462,1310.7366788964873,2011
393,Untitled Placemark,572949.9006005024,4924859.312478562,1997,831.859760295114,1155.8381772630432,2011
394,Untitled Placemark,572844.7880892459,4924869.706992333,1997,750.9456969324111,1222.8894091941465,2011
395,Untitled Placemark,572855.1658792212,4924832.574795391,1997,738.8473468730016,1186.4892037453426,2011
396,Untitled Placemark,574030.6476436433,4925287.905825039,1997,1961.702682213575,908.0843815197069,2011
397,Untitled Placemark,574038.1267771408,4925248.511756695,1997,1945.9551580141263,871.4312080009847,2011
398,Untitled Placemark,574033.7930748087,4925332.416000687,1997,1989.059629997419,943.0465022468532,2011
399,Untitled Placemark,574079.0461909669,4925434.807482464,1997,2083.3484654453882,1002.3231780798267,2011
400,Untitled Placemark,574082.8209526356,4925386.786673784,1997,2059.7462094375246,960.615534535866,2011
401,Untitled Placemark,573659.9099039894,4925746.21210449,1997,1910.889912840649,1492.3504287964674,2011
402,Untitled Placemark,573676.9339463672,4925753.677071273,1997,1929.0843858664493,1489.0364606114163,2011
403,Untitled Placemark,573709.3035620676,4925780.799052845,1997,1970.8717987694138,1493.3983292314344,2011
404,Untitled Placemark,573824.559821098,4925874.2727636825,1997,2117.9380211280018,1506.3743818721334,2011
405,Untitled Placemark,573745.0359088478,4925807.416501432,1997,2015.1521058822425,1495.4732517080558,2011
406,Untitled Placemark,573791.9498012882,4925837.777103857,1997,2070.7374122218116,1494.4148397179613,2011
407,Untitled Placemark,573578.5910036758,4925668.239454211,1997,1800.4390478398184,1473.279106712646,2011
408,Untitled Placemark,573537.9481293426,4925575.859524276,1997,1715.522526522876,1419.6951270912568,2011
409,Untitled Placemark,573536.3724868097,4925518.9649312645,1997,1682.5704502560536,1373.644997723247,2011
410,Untitled Placemark,573496.7700585056,4925438.559896635,1997,1605.174149813878,1329.3590862121682,2011
411,Untitled Placemark,573571.8099671955,4925379.212553375,1997,1634.0501021108882,1238.6619711227881,2011
412,Untitled Placemark,573474.4855785585,4925348.740148638,1997,1536.8239701673356,1267.6733196626587,2011
413,Untitled Placemark,573181.0224279851,4925108.980160499,1997,1161.3882745973501,1233.1830333571818,2011
414,Untitled Placemark,573196.2218261488,4925019.989952062,1997,1124.4163362070717,1151.3278578363534,2011
415,Untitled Placemark,572978.2172742082,4924916.222489154,1997,886.8764422765762,1187.024036740252,2011
416,Untitled Placemark,574148.8941426225,4924418.797637784,1997,1575.7167262034,125.45837713156142,2011
417,Untitled Placemark,574161.7391068831,4924368.539957934,1997,1558.351131106974,76.85968392249771,2011
418,Untitled Placemark,574119.7747300487,4924289.007736994,1997,1479.4922705187478,34.6077059246651,2011
419,Untitled Placemark,574162.835467597,4924336.060566251,1997,1541.18597019857,49.46070581666692,2011
420,Untitled Placemark,574263.257941355,4924373.376278024,1997,1644.774580739538,24.3701486421565,2011
421,Untitled Placemark,572436.6974580336,4924507.915880672,1997,213.07489209327076,1151.5190768817283,2011
422,Untitled Placemark,572384.4241244671,4924471.603383314,1997,149.75786278111804,1150.6500078116517,2011
423,Untitled Placemark,572440.9804215191,4924470.7574310545,1997,195.93491795539825,1118.4879868571672,2011
424,Untitled Placemark,572446.9613351393,4924420.794506008,1997,173.07182983014778,1073.9511230935075,2011
425,Untitled Placemark,572392.669073672,4924429.233971166,1997,132.98669458205774,1111.1167173434878,2011
426,Untitled Placemark,572392.2322133452,4924515.564124173,1997,180.65490504856945,1182.5649519437286,2011
427,Untitled Placemark,572375.5647432788,4924572.838397237,1997,198.7712739160986,1239.07753389567,2011
428,Untitled Placemark,572510.273245809,4924405.307112843,1997,216.67536754657053,1025.954439495827,2011
429,Untitled Placemark,572577.2433300602,4924630.929302195,1997,397.4340029391814,1174.7900006627165,2011
430,Untitled P,572710.4627214315,4924683.7181938,1997,536.6818228738026,1144.215645925305,2011
431,Untitled Placemark,572480.1529357292,4924346.293455238,1997,159.00071091919818,994.0369169658167,2011
432,Untitled Placemark,572831.2610298147,4924444.740104156,1997,503.3643771181079,879.9018930075785,2011
433,Untitled Placemark,572884.1084639812,4924687.949628421,1997,682.2590967350341,1051.1004373394592,2011
434,Untitled Placemark,572885.733648556,4924732.072609595,1997,708.1467336103137,1086.5889669160465,2011
435,Untitled Placemark,573169.8447336056,4924672.318693329,1997,909.2386032951623,879.2427818081558,2011
436,Untitled Placemark,573214.9609773603,4924642.682099524,1997,929.9626340056312,829.6987202310955,2011
437,Untitled Placemark,573280.1914128186,4924637.540086019,1997,980.904075321623,789.1675722330873,2011
438,Untitled Placemark,573285.2235854972,4924595.08758409,1997,961.4367801381655,751.3531310339522,2011
439,Untitled Placemark,573438.7474119482,4924651.327960286,1997,1119.3519013415473,712.3294850356187,2011
440,Untitled Placemark,572966.0180328205,4924967.813306861,1997,905.5163022077497,1236.3630647519249,2011
441,Untitled Placemark,573242.8417917844,4925419.112872221,1997,1384.9147988537225,1454.5884839882171,2011
442,Untitled Placemark,573134.0759726291,4925340.473074839,1997,1251.454531003848,1450.2365950613794,2011
443,Untitled Placemark,573099.0105144716,4925321.77279777,1997,1212.1288782544955,1454.3207494574551,2011
444,Untitled Placemark,572487.6749715328,4924493.972428116,1997,247.3639561481717,1111.6579006440363,2011
445,Untitled Placemark,572329.8740010717,4924392.788768568,1997,60.91749609846028,1115.9918103512027,2011
446,Untitled Placemark,572326.0481105547,4924411.150321559,1997,67.97708261112429,1133.2649159222326,2011
447,Untitled Placemark,572459.3635270447,4924376.6361169275,1997,158.73428796120933,1030.629460810858,2011
448,Untitled Placemark,572468.1837393409,4924359.317297511,1997,156.37413263906032,1011.4378841385129,2011
449,Untitled Placemark,572513.2357684874,4924371.805099599,1997,200.48049810074866,996.6737898921149,2011
450,Untitled Placemark,572561.7450242768,4924381.187657101,1997,245.71082948054018,977.4251088175517,2011
451,Untitled Placemark,572553.9588264311,4924454.982279855,1997,280.3433381189111,1042.6227236873879,2011
452,Untitled Placemark,572572.2102453813,4924348.050663157,1997,235.9072661643167,944.271509618547,2011
453,Untitled Placemark,572644.7185513405,4924554.964286752,1997,410.8255919273297,1074.5951180313896,2011
454,Untitled Placemark,572578.2812931561,4924604.2655337285,1997,383.45611356853846,1152.2202428796818,2011
455,Untitled Placemark,572307.5986565789,4924538.812952551,1997,123.78321535656917,1248.8252645505265,2011
456,Untitled Placemark,572289.9932524692,4924514.187273722,1997,95.56212041166036,1238.3084930479297,2011
457,Untitled Placemark,573726.4586818457,4924317.998515848,1997,1171.2134146189676,277.335028956932,2011
458,Untitled Placemark,573758.8725757727,4924329.670237944,1997,1204.4418196197612,268.9288750719056,2011
459,Untitled Placemark,573695.5704911192,4924256.826227422,1997,1111.7044862228922,244.0642649410606,2011
460,Untitled Placemark,573653.1607948717,4924126.504097942,1997,1004.2220939726387,160.16846829395377,2011
461,Untitled Placemark,573630.4742402204,4924211.335304308,1997,1032.7048177416768,242.7586662191668,2011
462,Untitled Placemark,573641.2419298876,4924186.517802207,1997,1027.7791598711476,216.29871792132613,2011
463,Untitled Placemark,573682.1339559692,4924051.7091944255,1997,986.5081213593784,82.35875999767929,2011
464,Untitled Placemark,573684.5618367456,4924013.027785322,1997,966.9907967033877,49.103579978257045,2011
465,Untitled Placemark,573615.0721349296,4923997.249549579,1997,900.8976299739519,74.74926746763418,2011
466,Untitled Placemark,573608.3447038989,4924018.830881404,1997,907.3553004988524,96.29227987597491,2011
467,Untitled Placemark,573575.6697661331,4924012.717516712,1997,877.0038981196807,109.42820029050935,2011
468,Untitled Placemark,573539.4240675316,4923977.843029459,1997,827.7064937681349,100.82846020734107,2011
469,Untitled Placemark,573550.4180992555,4923946.919088998,1997,819.5702942918657,69.2059935129182,2011
470,Untitled Placemark,573588.4388374732,4923949.054222882,1997,852.1176868217365,49.814765638837486,2011
471,Untitled Placemark,573223.1928401531,4923862.545770954,1997,502.7347077720105,181.66184421035803,2011
472,Untitled Placemark,573177.8900401805,4923837.9627035195,1997,451.69248017306177,186.5892646301578,2011
473,Untitled Placemark,573250.3336161977,4923879.991105306,1997,534.8259058033009,180.95139424118378,2011
474,Untitled Placemark,573260.206306809,4923821.131317636,1997,510.22311812870777,126.91125568497465,2011
475,Untitled Placemark,573290.2546368579,4923835.807282625,1997,543.1717708821258,122.29905152708986,2011
476,Untitled Placemark,573359.7663750743,4923855.970741118,1997,611.7227685735169,100.2580403694734,2011
477,Untitled Placemark,573516.3026911977,4924065.665922085,1997,857.4949576186656,186.12811061320124,2011
478,Untitled Placemark,573218.8742659267,4923922.646818797,1997,532.6090931737373,233.6358229550078,2011
479,Untitled Placemark,573278.3376943405,4923888.383916554,1997,562.5929158063595,172.29412881464367,2011
480,Untitled Placemark,573062.3709573867,4923768.327103253,1997,317.6714689126729,193.42112684072393,2011
481,Untitled Placemark,573116.5999257676,4923783.843431827,1997,371.03185968010735,176.04950661699218,2011
482,Untitled Placemark,572991.6055339043,4923734.200355755,1997,240.31815631207797,204.6426734104663,2011
483,Untitled Placemark,572914.5746162118,4923642.04652411,1997,125.51452816665046,171.4891420484617,2011
484,Untitled Placemark,573236.2676432754,4923817.448659091,1997,488.429691428106,137.19172493647554,2011
485,Untitled Placemark,573397.7723798564,4923819.660521625,1997,622.869492076422,49.165244591872465,2011
486,Untitled Placemark,573740.6750787253,4924265.619077774,1997,1153.7985689407208,226.22333079037728,2011
487,Untitled Placemark,573734.5658511226,4924280.681031941,1997,1157.1391726861852,242.04522565859574,2011
488,Untitled Placemark,573731.2037916526,4924299.6649543,1997,1164.92757370023,259.573616384476,2011
489,Untitled Placemark,573700.6922982918,4924180.328936165,1997,1073.3707950090945,178.119781731468,2011
490,Untitled Placemark,572923.2951969537,4923521.556772338,1997,65.67453908826393,67.25750919240136,2011
491,Untitled Placemark,573108.3344096987,4923598.209584223,1997,260.93974504541205,27.536930070860045,2011
492,Untitled Placemark,573745.9702893391,4924219.473173067,1997,1132.4934564287594,185.21623005390163,2011
493,Untitled Placemark,573393.5582854365,4924598.93122236,1997,1052.9296980098961,694.2529225540444,2011
494,Untitled Placemark,573383.686324634,4924618.337703843,1997,1055.5838107742638,715.7515300024982,2011
495,Untitled Placemark,573382.6691651935,4924636.983038863,1997,1065.1179194263468,731.6961023133545,2011
496,Untitled Placemark,573377.4837671383,4924653.654804873,1997,1070.1160942351162,748.3318123248134,2011
497,Untitled Placemark,573371.9209995231,4924668.221432728,1997,1073.6318510690112,763.4411464524467,2011
498,Untitled Placemark,573374.477845117,4924687.045366474,1997,1086.2131633498898,777.5446811033382,2011
499,Untitled Placemark,573350.6220837589,4924721.159383717,1997,1085.515748913966,818.9537636611144,2011
500,Untitled Placemark,573404.6671286842,4924738.423725425,1997,1139.6969212889169,803.1262295184084,2011
501,Untitled Placemark,573301.9368690775,4924755.075820251,1997,1064.2290561978255,874.0133890686241,2011
502,Untitled Placemark,573253.4079294585,4924730.584565412,1997,1010.5769841103747,880.8113527856302,2011
503,Untitled Placemark,573256.1416081251,4924715.435218596,1997,1004.4036047012203,866.7953142554195,2011
504,Untitled Placemark,573290.8785488378,4924801.303694809,1997,1080.8263530602703,918.294321389468,2011
505,Untitled Placemark,573292.4356371874,4924817.590181042,1997,1091.1713923377843,930.8611673760693,2011
506,Untitled Placemark,573153.5610836333,4924714.682590957,1997,919.3763754058315,923.2437389204636,2011
507,Untitled Placemark,573064.8431673,4924583.027317905,1997,772.9572432901559,864.0112733278587,2011
508,Untitled Placemark,573046.3580465897,4924688.142481513,1997,816.1900003759863,960.9942917301954,2011
509,Untitled Placemark,573054.1730164298,4924651.180676197,1997,802.0726287097498,926.1604134116315,2011
510,Untitled Placemark,572991.1564938733,4924447.068302643,1997,636.5415700609052,792.8666621862802,2011
511,Untitled Placemark,572976.3323448936,4924446.447920855,1997,623.9694572055467,800.6021717868114,2011
512,Untitled Placemark,572957.1231031575,4924444.164091128,1997,606.8550803779043,809.4052509153931,2011
513,Untitled Placemark,572937.4031731564,4924420.79144731,1997,577.587030357125,801.0983698292049,2011
514,Untitled Placemark,572935.0750429808,4924436.683219778,1997,584.5079443384126,815.5011407118196,2011
515,Untitled Placemark,572931.6528137483,4924449.511280019,1997,588.8219923275659,827.9856449887523,2011
516,Untitled Placemark,572868.0851018516,4924503.182903918,1997,566.2507145772629,907.6190303322088,2011
517,Untitled Placemark,572821.5752289024,4924492.995254709,1997,522.2215749582765,925.0913432333102,2011
518,Untitled Placemark,572835.0647020935,4924420.810572584,1997,493.18880054659707,858.0486741156722,2011
519,Untitled Placemark,572886.5605579678,4924393.453781094,1997,520.4430765798525,806.8357906651092,2011
520,Untitled Placemark,572898.9872792179,4924362.459770289,1997,513.4495781865561,774.3584737654363,2011
521,Untitled Placemark,572921.2543640449,4924528.679822237,1997,624.2896155571995,899.0689624069313,2011
522,Untitled Placemark,572912.0145674852,4924553.13290822,1997,630.2727434981953,924.3783186838424,2011
523,Untitled Placemark,572906.4236264257,4924569.062219835,1997,634.523372269153,940.62726958295,2011
524,Untitled Placemark,572906.6795026395,4924587.209452042,1997,644.8303696565831,955.4527712191491,2011
525,Untitled Placemark,572895.8120300273,4924664.901456822,1997,679.0896920671208,1025.579173248589,2011
526,Untitled Placemark,572891.7608065093,4924718.300007619,1997,705.4557512012482,1071.8761892458106,2011
527,Untitled Placemark,572886.0354838995,4924700.039913148,1997,690.5747598483869,1060.0004461825845,2011
528,Untitled Placemark,573602.2658824121,4925216.067249581,2002,1568.4066378623445,1087.155858423823,2011
529,Untitled Placemark,573377.9059054116,4925245.04249038,2002,1399.4742684761247,1235.8740965959282,2011
530,Untitled Placemark,573227.4351466208,4924951.584730552,2002,1112.1048564748444,1077.5420851355316,2011
531,Untitled Placemark,573182.7993423117,4924891.2722716145,2002,1041.7352368167292,1052.6287954983845,2011
532,Untitled Placemark,573200.832497227,4924945.514964915,2002,1086.7861391203742,1087.3357361924297,2011
533,Untitled Placemark,573319.9911945715,4925187.817052295,2002,1319.8696133209555,1220.894512531371,2011
534,Untitled Placemark,573383.2303333583,4925204.916535227,2002,1381.542366403686,1199.8160014306682,2011
535,Untitled Placemark,573401.1636155307,4925154.137660918,2002,1368.0836618339122,1147.9566143760958,2011
536,Untitled Placemark,573400.6883636459,4925135.591757179,2002,1357.3739280347859,1132.9243345604878,2011
537,Untitled Placemark,573486.7380718258,4925221.804130638,2002,1476.3108188773526,1156.1598716859871,2011
538,Untitled Placemark,573026.2713897157,4924795.634423081,2002,859.4240949623272,1060.8286703960648,2011
539,Untitled Placemark,573627.5540282562,4925323.358318844,2002,1648.954161197516,1161.5809415226665,2011
540,Untitled Placemark,573454.334452454,4925377.020453747,2002,1535.9366410131072,1302.2097305152324,2011
541,Untitled Placemark,573347.0124032822,4925382.105357761,2002,1450.2462239685428,1366.1108356791979,2011
542,Untitled Placemark,573355.449547007,4925333.883482074,2002,1430.377644464587,1321.6435029815282,2011
543,Untitled Placemark,573367.2033841641,4925304.085349901,2002,1423.494460418765,1290.5268972763254,2011
544,Untitled Placemark,573368.1126684332,4925280.267959175,2002,1410.993977757513,1270.376423211928,2011
545,Untitled Placemark,572956.5139161703,4924643.334502196,2002,717.1582028521119,974.0201109144476,2011
546,Untitled Placemark,572963.3910115962,4924625.754224406,2002,713.049904268056,955.6939081184989,2011
547,Untitled Placemark,573248.4091641206,4924775.61954551,2002,1031.508558117357,920.7372387844836,2011
548,Untitled Placemark,573248.3950224897,4924786.39602654,2002,1037.492233603717,929.6335582491199,2011
549,Untitled Placemark,573246.1431794894,4924805.39192664,2002,1046.2030058788546,946.5541753357559,2011
550,Untitled Placemark,573246.8294873453,4924822.034124162,2002,1056.027719399235,959.898858483478,2011
551,Untitled Placemark,573240.898906495,4924862.4543347685,2002,1073.6233707405088,996.5368802409702,2011
552,Untitled Placemark,573325.0853341429,4924669.058445637,2002,1035.467409018012,790.1878612400054,2011
553,Untitled Placemark,573329.1034427097,4924633.817662393,2002,1019.1758482662086,758.8858125012327,2011
554,Untitled Placemark,573808.8240255988,4925852.082091542,2002,2092.61366196166,1496.8258765029382,2011
555,Untitled Placemark,573534.529995682,4924388.557392934,2002,1052.1648605004575,442.3088104704284,2011
556,Untitled Placemark,574075.2342372228,4925140.812887414,2002,1916.6447171273794,761.9568772170653,2011
557,Untitled Placemark,574136.3421048728,4925185.432020817,2002,1991.8697556387613,764.7623023364225,2011
558,Untitled Placemark,574210.7262047563,4925153.392577583,2002,2035.3971518200062,696.9536193452592,2011
559,Untitled Placemark,574205.247920715,4925179.611631633,2002,2045.465249741404,721.6268846494818,2011
560,Untitled Placemark,574205.5847845748,4925206.279227155,2002,2060.5792268416712,743.4349338792628,2011
561,Untitled Placemark,574183.1702471436,4925303.831084039,2002,2096.3632607988366,836.3658038009822,2011
562,Untitled Placemark,574176.9133112667,4925419.028975578,2002,2155.291216562485,934.8620919955495,2011
563,Untitled Placemark,574132.570246199,4925479.130310978,2002,2152.1535231981507,1009.1033551044019,2011
564,Untitled Placemark,572655.996257312,4924487.768048958,2002,382.7437987026706,1012.8974073571848,2011
565,Untitled Placemark,572910.0797802833,4923700.666874899,2002,154.419768333655,222.33990108223364,2011
566,Untitled Placemark,572944.4616675532,4923710.45916749,2002,188.22578269612023,211.2887272623191,2011
567,Untitled Placemark,572889.0671365325,4923611.290882883,2002,87.3654776397257,160.31257720283241,2011
568,Untitled Placemark,572957.3790400755,4923669.027196676,2002,175.82996570794666,169.92920410892478,2011
569,Untitled Placemark,572979.2250901,4923548.327066564,2002,126.69883543492777,58.22188580257335,2011
570,Untitled Placemark,573715.7223379352,4924096.8690557005,2002,1039.3358876099878,100.92024623486675,2011
571,Untitled Placemark,573947.2572466353,4924170.334671132,2002,1271.177637849489,32.70365574425179,2011
572,Untitled Placemark,573980.2354621977,4924178.219900056,2002,1302.764935113094,20.86044644092528,2011
573,Untitled Placemark,574007.8322394564,4924190.967159007,2002,1332.618537017504,16.021329651913742,2011
574,Untitled Placemark,573900.8904855223,4924261.948097867,2002,1283.9020947430718,134.06197630967682,2011
575,Untitled Placemark,573740.3047447555,4924184.79209387,2002,1108.5261924557676,159.7631862710017,2011
576,Untitled Placemark,573776.8944571536,4924226.765059515,2002,1162.056475610525,174.02637108970114,2011
577,Untitled Placemark,573698.2650129336,4924208.461456434,2002,1087.0198888784241,202.673896788,2011
578,Untitled Placemark,574041.6426003145,4924371.485617084,2002,1460.9341912796613,146.10322265660335,2011
579,Untitled Placemark,574066.8694740605,4924381.528265245,2002,1487.3284233398508,140.3518018506768,2011
580,Untitled Placemark,574065.2994400769,4924429.916303729,2002,1512.9534438693956,181.13576849887937,2011
581,Untitled Placemark,574098.8328202153,4924395.21428726,2002,1521.3058427583017,133.85770022890566,2011
582,Untitled Placemark,573968.7586409884,4924400.617348409,2002,1417.0264489719389,210.67904052933795,2011
583,Untitled Placemark,573838.8377419709,4924249.871754181,2002,1226.0024325397712,158.62354366867302,2011
584,Untitled Placemark,573878.6120642729,4924211.346750127,2002,1237.375502653146,104.7202135420858,2011
585,Untitled Placemark,573595.9941465068,4924122.547210782,2002,954.8696301278114,188.70866278556076,2011
586,Untitled Placemark,573674.2162715965,4924252.109194526,2002,1091.4672522163924,252.05376314382974,2011
587,Untitled Placemark,573489.3042843506,4924247.176102699,2002,936.2072119876333,350.85805664389363,2011
588,Untitled Placemark,574178.7473892329,4924407.785002814,2002,1594.2129925218303,99.76672274234517,2011
589,Untitled Placemark,574262.5746003459,4924405.618158576,2002,1662.1482648138015,51.34344979221243,2011
590,Untitled Placemark,574157.6011391557,4924388.620698161,2002,1566.1097610141044,95.72439643530018,2011
591,Untitled Placemark,573796.5071508044,4924122.916651957,2002,1120.4584832020691,77.46086538872399,2011
592,Untitled Placemark,573801.7691560158,4924077.036917101,2002,1099.27406259287,36.69177514828058,2011
593,Untitled Placemark,573723.2201792747,4924022.641053703,2002,1004.2244379656801,35.52560272146052,2011
594,Untitled Placemark,573366.7529468439,4923919.255376448,2002,652.6927922237193,148.5683905185453,2011
595,Untitled Placemark,573323.5316622766,4923906.52103938,2002,609.9592704871267,162.11063417990547,2011
596,Untitled Placemark,573169.1203054306,4923707.345303504,2002,371.79209119483573,83.73482202618689,2011
597,Untitled Placemark,573093.0173830324,4923656.771668089,2002,280.8864158675761,84.3603999432436,2011
598,Untitled Placemark,573020.1119690211,4923683.181598296,2002,235.4467429891913,146.70320962708766,2011
599,Untitled Placemark,573031.9581389965,4923632.97119776,2002,217.28364456339227,98.69917721080999,2011
600,Untitled Placemark,573228.990633859,4923705.701856931,2002,420.2588882136537,49.07131351719778,2011
601,Untitled Placemark,573276.6275940163,4923726.358350189,2002,471.04184057985475,39.606674626675904,2011
602,Untitled Placemark,573315.855016359,4923738.664109245,2002,510.2427877071039,27.93286694953802,2011
603,Untitled Placemark,573348.8703829306,4923746.895018095,2002,542.053041191678,16.354106356779617,2011
604,Untitled Placemark,573384.8914779011,4923759.601877401,2002,578.8325527309946,6.794920460640438,2011
605,Untitled Placemark,573168.6067682425,4923858.066280553,2002,455.21996311965626,208.33532861863787,2011
606,Untitled Placemark,573503.5693891892,4923853.937483546,2002,729.2004601814838,18.578278388712075,2011
607,Untitled Placemark,573412.1892415573,4924006.0895130895,2002,738.4776093345077,194.91144429882948,2011
608,Untitled Placemark,573454.3873063831,4924112.503823939,2002,832.4846783200037,259.20578710755547,2011
609,Untitled Placemark,573998.3246399468,4924414.247458842,2002,1448.9954285041274,205.47255245540012,2011
610,Untitled Placemark,573874.2214725681,4924107.225098636,2002,1175.8275619612707,21.283216977814085,2011
611,Untitled Placemark,572934.7252573716,4923594.18673695,2002,115.50869539210878,120.80382526100861,2011
612,Untitled Placemark,573275.7189462604,4924670.223121216,2002,995.3979149920063,818.6127634129357,2011
613,Untitled Placemark,573198.4130090479,4924754.879511617,2002,978.7332628790764,931.445477283526,2011
614,Untitled Placemark,573127.8329890058,4924734.992815029,2002,909.4551177922381,954.3090850868718,2011
615,Untitled Placemark,573142.046699773,4924756.175504223,2002,932.9632832518067,963.872994996449,2011
616,Untitled Placemark,573234.8927674079,4924570.860683485,2002,906.44558660456,759.371583431044,2011
617,Untitled Placemark,573228.7383953914,4924595.296411152,2002,914.963918643561,782.9500911871378,2011
618,Untitled Placemark,573181.3662533913,4924579.361177762,2002,867.0259932624286,796.1615020266722,2011
619,Untitled Placemark,573302.7026964892,4924788.766796522,2002,1083.6041992524842,901.3756818558186,2011
620,Untitled Placemark,572981.7462330796,4924764.305962466,2002,805.2705663039101,1059.7598533643743,2011
621,Untitled Placemark,573034.8366188497,4924467.945889155,2002,684.1839229815829,785.7857093082932,2011
622,Untitled Placemark,572906.948188592,4924876.269876862,2002,805.866572957862,1193.7206095462818,2011
623,Untitled Placemark,572895.7295914888,4924904.319186886,2002,812.2182915824915,1223.0970119807796,2011
624,Untitled Placemark,572885.8914158333,4924916.477618686,2002,810.8679226508006,1238.598625164502,2011
625,Untitled Placemark,572933.7226265148,4924949.061924926,2002,868.4469594508189,1238.863989481127,2011
626,Untitled Placemark,573350.8129154149,4924993.994961436,2002,1237.4612786559187,1043.8826455253163,2011
627,Untitled Placemark,572964.3404988345,4925024.430198616,2002,935.6306602550052,1283.9940036084943,2011
628,Untitled Placemark,573442.4204268464,4925184.160159357,2002,1418.8149029244366,1149.76656923874,2011
629,Untitled Placemark,573426.5623697998,4925243.586884131,2002,1438.7963618425301,1207.6041902032475,2011
630,Untitled Placemark,573470.6210155233,4925079.183026829,2002,1383.6722648082873,1047.4923387753493,2011
631,Untitled Placemark,573573.82310225,4925349.315622319,2002,1619.0778122216645,1212.8829748798237,2011
632,Untitled Placemark,573590.79549368,4925268.109043934,2002,1587.8985505099413,1136.4613657654181,2011
633,Untitled Placemark,573644.1312303658,4925729.1490472555,2002,1888.3828622226483,1487.055039784505,2011
634,Untitled Placemark,573465.4841308647,4925420.200839879,2002,1569.155690480424,1331.6219922583423,2011
635,Untitled Placemark,573581.293682359,4925301.536188989,2002,1598.6581565254114,1169.3183027679077,2011
636,Untitled Placemark,573638.9474288676,4925276.350842757,2002,1632.199518902887,1116.4705759833334,2011
637,Untitled Placemark,573635.4677517641,4925292.814338172,2002,1638.4887056652324,1131.9855509999263,2011
638,Untitled Placemark,573595.1220585214,4925156.724181512,2002,1529.499746506507,1042.1840017079555,2011
639,Untitled Placemark,573604.2965105282,4925179.639397393,2002,1549.8153926576174,1055.9804201050822,2011
640,Untitled Placemark,573082.8240173319,4924795.531131662,2002,906.0112922109283,1029.2812382588918,2011
641,Untitled Placemark,573092.1499181585,4924771.76733267,2002,900.4826580108595,1004.492503693796,2011
642,Untitled Placemark,573133.9604712456,4924827.909841091,2002,966.2021160091646,1027.5382018104551,2011
643,Untitled Placemark,572634.7040541319,4924624.706396277,2002,441.3656399144867,1137.6898982269756,2011
644,Untitled Placemark,572646.6940989012,4924601.630291528,2002,438.4169829703366,1111.9862165487893,2011
645,Untitled Placemark,572649.4941778419,4924579.933880565,2002,428.6560060284086,1092.5332123468636,2011
646,Untitled Placemark,572610.8455606838,4924442.527019432,2002,320.3342673556317,1000.7015001726107,2011
647,Untitled Placemark,572741.10512857,4924412.4915503245,2002,411.0626856207993,903.4601876703166,2011
648,Untitled Placemark,572778.2994740648,4924435.374465837,2002,454.4711971693819,901.6415017952171,2011
649,Untitled Placemark,573028.9915234521,4924930.409997017,2002,936.6481071568875,1170.4783869865557,2011
650,Untitled Placemark,573023.6899871853,4924976.190524607,2002,957.7447299842182,1211.187643509382,2011
651,Untitled Placemark,573117.0031185651,4924951.807122581,2002,1021.144137553335,1139.162777531299,2011
652,Untitled Placemark,573120.099845197,4924921.729465449,2002,1006.9650507045122,1112.6318777293627,2011
653,Untitled Placemark,573498.5768341939,4925417.765619801,2002,1595.0957846776346,1311.202773025481,2011
654,Untitled Placemark,573504.0401098458,4925397.46869261,2002,1588.3099975342334,1291.422433380642,2011
655,Untitled Placemark,573513.8072364442,4925350.115338923,2002,1570.0215788560167,1246.9315417124321,2011
656,Untitled Placemark,573529.2070329946,4925335.638674158,2002,1574.6694626635872,1226.4237203092828,2011
657,Untitled Placemark,573527.2262470649,4925297.962271155,2002,1552.0749860693165,1196.4501683170943,2011
658,Untitled Placemark,573534.67360034,4925260.854027419,2002,1537.572935006321,1161.7000256134681,2011
659,Untitled Placemark,573541.4900275258,4925201.919761025,2002,1510.4079031413498,1109.2987649321115,2011
660,Untitled Placemark,573548.8235770733,4925186.089453338,2002,1507.64965894038,1092.1619975133447,2011
661,Untitled Placemark,573195.5211919476,4924846.1016665455,2002,1027.0982172127394,1008.2944195296914,2011
662,Untitled Placemark,572385.3849548069,4924545.72156111,2002,191.78493389689712,1211.248208443144,2011
663,Untitled Placemark,573174.5874786774,4924659.9043985605,2002,906.2439104892716,866.3649017851385,2011
664,Untitled Placemark,573374.1431298669,4924849.813365419,2002,1176.4907143526898,911.9820980017084,2011
665,Untitled Placemark,573387.4182469322,4924793.514898515,2002,1156.1192051079927,858.1616484918208,2011
666,Untitled Placemark,572530.3896963798,4924968.345889261,2002,546.5059236393708,1479.1578700470827,2011
667,Untitled Placemark,572551.3898493742,4924975.432188302,2002,567.7692302190055,1473.319524649471,2011
668,Untitled Placemark,572848.1080821928,4925024.909319596,2002,840.0286026621227,1349.053408674205,2011
669,Untitled Placemark,572869.1725675033,4925038.809041283,2002,865.1355198435017,1348.7989905077109,2011
670,Untitled Placemark,572952.1374250882,4925091.686082761,2002,962.982392629516,1346.2557256414805,2011
671,Untitled Placemark,573077.003333152,4925170.681550194,2002,1109.9199012722008,1341.943919728154,2011
672,Untitled Placemark,573488.0784667315,4925017.471768527,2002,1363.7390205209756,986.8806325153561,2011
673,Untitled Placemark,573510.508522623,4924977.384604395,2002,1359.937437740562,941.3380632650333,2011
674,Untitled Placemark,573417.9451308368,4924979.930423045,2002,1285.0073921209744,994.9341625693592,2011
675,Untitled Placemark,573588.461736787,4925064.375211766,2002,1472.6292916831414,969.7198559372687,2011
676,Untitled Placemark,572180.6974687094,4924597.042220926,2002,51.51000504159112,1367.4524637495076,2011
677,Untitled Placemark,572166.2758681988,4924614.976194801,2002,49.59236224348944,1390.26767181535,2011
678,Untitled Placemark,572054.288188486,4924727.084594741,2002,19.594704251217003,1545.0375160382569,2011
679,Untitled Placemark,572065.588417823,4924737.3238812145,2002,34.61162342142737,1547.1961701006508,2011
680,Untitled Placemark,572082.3753658192,4924740.510669645,2002,50.230438058563465,1540.4854603072686,2011
681,Untitled Placemark,572082.4119571137,4924693.145666693,2002,23.909783553261413,1501.3984030390734,2011
682,Untitled Placemark,572100.0380646487,4924699.549241881,2002,42.010350624076565,1496.8740477882975,2011
683,Untitled Placemark,572112.793894051,4924706.285021977,2002,56.27872498278682,1495.3332043380954,2011
684,Untitled Placemark,572137.88108311,4924706.6719988305,2002,77.18595175614594,1481.695488059875,2011
685,Untitled Placemark,572156.4591279924,4924729.268930858,2002,105.0806177801034,1489.9978325983998,2011
686,Untitled Placemark,572165.549236607,4924736.554869121,2002,116.63157463634256,1490.9501309326106,2011
687,Untitled Placemark,572185.7422227351,4924740.623343152,2002,135.55020586267335,1483.071736172501,2011
688,Untitled Placemark,572207.2613531451,4924745.485935977,2002,156.00443869207564,1475.1105501506877,2011
689,Untitled Placemark,572264.7536042965,4924829.595528541,2002,250.2172595975657,1512.499240167693,2011
690,Untitled Placemark,572277.9878550189,4924835.347518057,2002,264.33291864873615,1509.8808025067174,2011
691,Untitled Placemark,572183.1681121096,4924793.729713933,2002,162.97203900804806,1528.3059913937502,2011
692,Untitled Placemark,572352.0088289002,4924868.223822857,2002,343.6757466381207,1495.816711164249,2011
693,Untitled Placemark,572298.3631886194,4924845.94501431,2002,287.03427742566515,1507.286105206707,2011
694,Untitled Placemark,572492.8806165165,4924946.360472202,2002,503.33712917675473,1481.8919114332452,2011
695,Untitled Placemark,572454.5252563956,4924874.948010249,2002,431.9722996574904,1444.329294194759,2011
696,Untitled Placemark,572394.3201582426,4924851.674354321,2002,369.3671142837747,1458.6273967689121,2011
697,Untitled Placemark,572640.1999799963,4925024.466976446,2002,668.2997077300898,1464.355232319488,2011
698,Untitled Placemark,572194.7649232784,4924664.29974411,2002,100.53060642645715,1415.1003088043942,2011
699,Untitled Placemark,572224.8229317017,4924599.463490156,2002,89.25176773390191,1344.900965161557,2011
700,Untitled Placemark,572234.4542150586,4924571.938646646,2002,81.88261056380156,1316.8402222830684,2011
701,Untitled Placemark,572201.5596704078,4924565.146196561,2002,50.97227686666665,1329.5382075259904,2011
702,Untitled Placemark,572221.5511308396,4924493.304001422,2002,27.49288550394671,1259.1607353478837,2011
703,Untitled Placemark,572309.7034062591,4924342.2150692865,2002,16.144823111929817,1085.5001932754267,2011
704,Untitled Placemark,572321.9114939945,4924314.994770992,2002,11.070446015014962,1056.2570716998782,2011
705,Untitled Placemark,572403.3866890088,4924405.320543884,2002,128.5227043183452,1085.4303089605662,2011
706,Untitled Placemark,572559.1030747133,4924430.467696125,2002,270.9479846158083,1019.5411431190975,2011
707,Untitled Placemark,572714.0334289275,4924465.0488513345,2002,417.9734166253077,961.8704493108618,2011
708,Untitled Placemark,572717.8490574964,4924448.194260155,2002,411.74374247837045,945.845996385413,2011
709,Untitled Placemark,572721.4784998948,4924433.482752932,2002,406.5527755932468,931.6927431656168,2011
710,Untitled Placemark,572562.420729494,4924412.150483098,2002,263.49387267487896,1002.5873588020366,2011
711,Untitled Placemark,573585.3670485904,4925332.386197536,2002,1619.18082945139,1192.497261196703,2011
712,Untitled Placemark,573430.8615532181,4925559.419239186,2002,1618.051099923608,1465.711233442963,2011
713,Untitled Placemark,573322.825616429,4925471.380179239,2002,1479.9636958318363,1453.200764155784,2011
714,Untitled Placemark,573414.5811897404,4925334.33869969,2002,1479.4027343069931,1289.1219318380245,2011
715,Untitled Placemark,573417.3784083588,4925303.9992059,2002,1464.8309439172617,1262.5416958631768,2011
716,Untitled Placemark,573474.736995508,4925307.830470781,2002,1514.2718309164854,1233.7911056242415,2011
717,Untitled Placemark,573512.7326936752,4924487.371568471,2002,1089.1602635765607,535.9374520273908,2011
718,Untitled Placemark,573450.6669335068,4924138.224892951,2002,843.7256562892172,282.49032539344023,2011
719,Untitled Placemark,573501.5612541633,4924124.469072275,2002,878.0504890923642,242.830191247804,2011
720,Untitled Placemark,573434.19670544,4924183.436837911,2002,855.294008590239,328.94415472596154,2011
721,Untitled Placemark,573107.6600343155,4923712.919496533,2002,324.200721908607,122.52495565462517,2011
722,Untitled Placemark,573434.440042794,4923999.724931551,2002,753.2892487277484,177.28301951423018,2011
723,Untitled Placemark,573939.6964692868,4924226.004628077,2002,1295.9126775828436,82.82661929410278,2011
724,Untitled Placemark,573923.2327713663,4924270.2715530945,2002,1306.960667763852,128.49736231159818,2011
725,Untitled Placemark,573941.7415203966,4924339.906818632,2002,1360.9672757184223,175.63552155520594,2011
726,Untitled Placemark,574149.0116126334,4924438.952093389,2002,1587.0262557567523,142.01643885795795,2011
727,Untitled Placemark,573991.2760237998,4924759.125185551,2008,1635.0494633907206,493.8494306485894,2011
728,Untitled Placemark,574002.4275908025,4924725.390001007,2008,1625.4792041375356,459.8206046404748,2011
729,Untitled Placemark,574008.0656284364,4924686.942935621,2008,1608.7399937029065,424.9727871602588,2011
730,Untitled Placemark,573450.2419049287,4925573.713750823,2008,1641.9885777685702,1466.7193818048304,2011
731,Untitled Placemark,573463.4103577514,4925586.578957374,2008,1660.0073021709222,1470.004538142963,2011
732,Untitled Placemark,573484.1875068925,4925602.317183937,2008,1685.9000498261573,1471.4263759020694,2011
733,Untitled Placemark,573297.3439238509,4925409.590525494,2008,1424.5705900605824,1416.4129694983847,2011
734,Untitled Placemark,573248.4573527762,4925301.137511252,2008,1323.9126314779662,1354.1581559734502,2011
735,Untitled Placemark,573238.1577851082,4925287.399066103,2008,1307.7743526475094,1348.5566887897844,2011
736,Untitled Placemark,573230.4532271038,4925272.409000114,2008,1293.0801191266632,1340.4791873952372,2011
737,Untitled Placemark,573258.4900396398,4925238.302577796,2008,1297.2302939436345,1296.7503017261947,2011
738,Untitled Placemark,573261.6707918686,4925216.399661086,2008,1287.6684102088848,1276.9151893003493,2011
739,Untitled Placemark,573263.9488329261,4925202.156045835,2008,1281.6231111297311,1263.8996864422093,2011
740,Untitled Placemark,573282.5261742002,4925099.092034354,2008,1239.6075465038534,1168.5571547190857,2011
741,Untitled Placemark,573171.4068321004,4925230.016226994,2008,1220.793988623196,1338.363195868001,2011
742,Untitled Placemark,572963.2406980084,4925049.014703883,2008,948.4007777668812,1304.8831856214395,2011
743,Untitled Placemark,572843.2801096978,4924911.098908937,2008,772.7297086958423,1257.8684446630743,2011
744,Untitled Placemark,573965.6969156147,4924656.90918346,2008,1557.0853943294592,423.772140554453,2011
745,Untitled Placemark,573934.8259773188,4924634.0587923685,2008,1518.9105296441467,422.0997163717284,2011
746,Untitled Placemark,573896.5085737975,4924628.099300438,2008,1483.9908209416728,438.50165548632407,2011
747,Untitled Placemark,573887.5478379701,4924668.099629134,2008,1498.853602294038,476.47914117882243,2011
748,Untitled Placemark,573874.4392466956,4924760.297409151,2008,1539.3345263321671,559.8167346363318,2011
749,Untitled Placemark,573863.0299962158,4924813.4746313775,2008,1559.508544761615,610.0247306025751,2011
750,Untitled Placemark,573859.3733195437,4924859.594416696,2008,1582.1505905083598,650.0987133579514,2011
751,Untitled Placemark,573854.6137525155,4924902.453911903,2008,1602.0691559263755,688.0971827923992,2011
752,Untitled Placemark,573836.3891903192,4925006.050262836,2008,1644.6718524387602,783.6825250664959,2011
753,Untitled Placemark,573890.5811906029,4924864.5665797815,2008,1610.6570638245532,636.8377101207417,2011
754,Untitled Placemark,573871.1718673644,4924860.0275774235,2008,1592.1230268710062,643.8920331359509,2011
755,Untitled Placemark,574023.8127601855,4924867.229271024,2008,1722.0279410349626,564.9124416873337,2011
756,Untitled Placemark,574490.7240211146,4924641.901965233,2008,1981.779209548543,119.30292814304721,2011
757,Untitled Placemark,574308.774246242,4924579.149905982,2008,1796.7956578193828,168.77009735526266,2011
758,Untitled Placemark,574125.4475151342,4924512.614697547,2008,1608.5716908674428,215.8829711679115,2011
759,Untitled Placemark,573983.7624770954,4924473.557302412,2008,1469.9807170382924,262.49281767822026,2011
760,Untitled Placemark,574182.1774243118,4924724.241309076,2008,1773.097982451065,358.8719396615534,2011
761,Untitled Placemark,574226.0456924295,4924553.50298818,2008,1714.2927744865742,193.64133036738238,2011
762,Untitled Placemark,574075.2364871727,4924598.030527864,2008,1614.6774495261354,314.26821053319196,2011
763,Untitled Placemark,574299.291774088,4925238.742700479,2008,2155.9294267307423,718.0783083714193,2011
764,Untitled Placemark,574371.3688665649,4924941.581697943,2008,2050.0574520551754,432.88057716786005,2011
765,Untitled Placemark,574426.7599914782,4924867.750874691,2008,2054.6693936656748,341.1687907363659,2011
766,Untitled Placemark,574254.168117772,4924791.393933735,2008,1869.8353684991796,374.208507256972,2011
767,Untitled Placemark,574291.2975077874,4924709.273513163,2008,1854.7732158125452,285.81910529776445,2011
768,Untitled Placemark,574021.4898730036,4925100.538335104,2008,1849.9101482830772,758.6382880405044,2011
769,Untitled Placemark,574041.162700431,4925024.586685328,2008,1823.8817123985496,685.0486005732021,2011
770,Untitled Placemark,573968.6499279202,4924948.338198795,2008,1721.653363712672,662.5002084464669,2011
771,Untitled Placemark,574042.5166046605,4924777.425887879,2008,1687.4940753505757,480.4369108090403,2011
772,Untitled Placemark,574205.9990163174,4925074.457713201,2008,1987.5838909139052,634.4779698704427,2011
773,Untitled Placemark,573926.3991480363,4925077.205622436,2008,1758.4984088189165,792.2957949924565,2011
774,Untitled Placemark,574152.7065369453,4924863.93981741,2008,1826.509612739009,490.4911067829875,2011
775,Untitled Placemark,574104.0208407766,4924904.171401579,2008,1808.7358640340115,550.7597399339072,2011
776,Untitled Placemark,574074.0049341775,4924975.880600547,2008,1823.8730920076068,626.6044725290344,2011
777,Untitled Placemark,574113.8484905435,4925051.899168484,2008,1899.0279277413779,667.1382739571728,2011
778,Untitled Placemark,574291.3428689518,4925049.247218859,2008,2043.9500888093357,566.204510437302,2011
779,Untitled Placemark,574283.543005917,4924939.421478692,2008,1976.4167905086417,479.9594748638878,2011
780,Untitled Placemark,574162.3848533746,4924849.746599341,2008,1826.5961056850197,473.4001352880067,2011
781,Untitled Placemark,574062.9936303223,4924735.231300872,2008,1680.9091970807099,434.2426772836589,2011
782,Untitled Placemark,574001.3098385341,4924537.187250199,2008,1519.8533998150326,305.212639130936,2011
783,Untitled Placemark,573817.6682935094,4924524.835551653,2008,1361.513986898577,397.191266463297,2011
784,Untitled Placemark,573820.1032254039,4925046.892557456,2008,1653.961193333644,826.4297504318725,2011
785,Untitled Placemark,573755.35089323,4924886.916334801,2008,1511.5529470869867,730.5052317431079,2011
786,Untitled Placemark,573977.4351844986,4925002.195401907,2008,1758.8621286299228,702.034131082222,2011
787,Untitled Placemark,574132.4209330532,4924601.2551553305,2008,1663.6372106785684,285.11414614767784,2011
788,Untitled Placemark,574166.8281886935,4924617.60325415,2008,1701.1113769709882,279.4560943168801,2011
789,Untitled Placemark,572527.2613709309,4924559.06798784,2008,316.2298307677361,1143.3254599006825,2011
790,Untitled Placemark,572537.8302402593,4924528.264652739,2008,307.81005398638894,1112.0390015802227,2011
791,Untitled Placemark,572537.231977943,4924505.334490699,2008,294.55974230394077,1093.4590163544522,2011
792,Untitled Placemark,572591.5235773972,4924543.100146912,2008,360.3498832050072,1094.4038191877125,2011
793,Untitled Placemark,572602.1854069812,4924526.136623672,2008,359.7063594968803,1074.4807339760928,2011
794,Untitled Placemark,573988.913024534,4924853.317088841,2008,1685.502763778399,572.8536240534751,2011
795,Untitled Placemark,573985.1470711913,4924833.613970123,2008,1671.4350564011963,558.6976064142789,2011
796,Untitled Placemark,573988.0922533692,4924810.675322187,2008,1661.1026601581582,538.1392778666632,2011
797,Untitled Placemark,573989.5700804957,4924790.971001338,2008,1651.3593591939368,521.0649672094856,2011
798,Untitled Placemark,573398.6449298351,4925533.515296198,2008,1577.067513399381,1462.2688891595533,2011
799,Untitled Placemark,573631.7806331358,4925712.191665933,2008,1868.7620835950759,1479.93965159545,2011
800,Untitled Placemark,573267.1635993001,4925437.061131444,2008,1414.960703902656,1455.8611393506912,2011
801,Untitled Placemark,573321.7121988209,4924163.38246225,2008,751.3597166293254,374.9824163197652,2011
802,Untitled Placemark,573306.0337603708,4924158.370413072,2008,735.6397442931386,379.57094601431646,2011
803,Untitled Placemark,573293.2213245778,4924152.827371252,2008,721.9882436346886,382.1270532946121,2011
804,Untitled Placemark,573277.0992105971,4924143.568360044,2008,703.5395913283548,383.4595170712411,2011
805,Untitled Placemark,573332.3980810614,4924113.577166208,2008,732.464985790462,327.9580237992466,2011
806,Untitled Placemark,573317.6451742972,4924104.543140397,2008,715.2708242952415,328.7143170972884,2011
807,Untitled Placemark,573304.0231517021,4924101.13380648,2008,702.1386332229145,333.4807106392835,2011
808,Untitled Placemark,573295.5115061592,4924092.4518210925,2008,690.2881226204818,331.05513171482767,2011
809,Untitled Placemark,573279.0894282839,4924082.752801451,2008,671.347267469266,332.1915566888153,2011
810,Untitled Placemark,573265.6754074742,4924075.210787881,2008,656.0874798568568,333.4335932697721,2011
811,Untitled Placemark,573253.8255544063,4924064.135415376,2008,640.1520861182221,330.89110986130305,2011
812,Untitled Placemark,573243.5855907856,4924055.765536675,2008,627.0496931398593,329.68448162476125,2011
813,Untitled Placemark,573226.7164700329,4924047.29835469,2008,608.4254316731397,332.08563333444295,2011
814,Untitled Placemark,573215.7660730137,4924040.8876324855,2008,595.8270209506992,332.8901586270606,2011
815,Untitled Placemark,573201.1816009807,4924032.864694606,2008,579.3342887463265,334.3866919988417,2011
816,Untitled Placemark,573188.8184049372,4924021.812412843,2008,562.9883354260294,332.1488448046126,2011
817,Untitled Placemark,573176.5686238318,4924012.391730669,2008,547.6436437132731,331.1936457661701,2011
818,Untitled Placemark,573163.1689415016,4924005.369190127,2008,532.6846838058392,332.8561671965227,2011
819,Untitled Placemark,573262.9555732987,4924138.4924172275,2008,689.0499781634152,387.1414827857057,2011
820,Untitled Placemark,573249.2536425204,4924124.971371638,2008,670.2263740539844,383.6121825267514,2011
821,Untitled Placemark,573234.300849314,4924117.926947764,2008,653.9742323190212,386.12070536026,2011
822,Untitled Placemark,573224.2584741627,4924106.217656383,2008,639.1769765061748,382.04980082648433,2011
823,Untitled Placemark,573214.5961039077,4924099.29493987,2008,627.3560908681113,381.7154576378804,2011
824,Untitled Placemark,573200.9782207025,4924090.489582885,2008,611.2253144991149,382.0289032467034,2011
825,Untitled Placemark,573188.4739855237,4924082.03092588,2008,596.2059576236555,382.0087453453557,2011
826,Untitled Placemark,573175.9002986618,4924075.024496505,2008,581.9372427921668,383.2250246375292,2011
827,Untitled Placemark,573162.8621794116,4924063.180943637,2008,564.5943999116,380.7100200449329,2011
828,Untitled Placemark,573149.0018713408,4924052.353708436,2008,547.1388285464033,379.4906881172751,2011
829,Untitled Placemark,573428.9226569353,4924215.990217463,2008,869.054570651799,358.7283543393004,2011
830,Untitled Placemark,573296.9681567822,4923963.135135861,2008,619.5461000623261,223.58421817595342,2011
831,Untitled Placemark,573336.8742404822,4923973.584957678,2008,658.274283865876,210.0020682293243,2011
832,Untitled Placemark,573365.3997966661,4923987.4211837,2008,689.499774621805,205.54441979768316,2011
833,Untitled Placemark,573535.9120043963,4924009.568016133,2008,842.4594786572012,128.94914547155236,2011
834,Untitled Placemark,573526.5675802454,4924034.2561720535,2008,848.4870874228969,154.5105957085031,2011